Workbook

Sheet All Defects
A1: SCHEDULE-CONFLUENCE | B1: March by A14 | C1: March by A14 | D1: 1-April-18-April | E1: 21-April-13-May | F1: 2-June -6-June | G1: 9-June -25-June | H1: 26-June -2-July | I1: 3-July -23-July | J1: 24-July -30-July | K1: 31-July -21-Aug | L1: 15-Oct -19-Oct | M1: 22-Oct -7-Nov | N1: 9-Oct -7-Nov | O1: 4-Nov -10-Nov | P1: 11-Nov -21-Nov | Q1: 16-Dec -20-Dec | R1: 5-Jan -16-Jan | S1: 2-Feb -6-Feb | T1: 10-Feb To 23-Feb | U1: 18-Feb -26-Feb | V1: 23-Feb -6-Mar | W1: 5 VM | X1: 10-Mar-26(17th)-Mar | Y1: 19-Mar -2-April
A2: LRT OSV | B2: A13+A14 | C2: A12+A14 | D2: A13+A14 | E2: A12+A14 | F2: A12+A14 | G2: A13+A14 | H2: A12+A14 | I2: A13+A14 | J2: A12+A14 | K2: A13+A14 | L2: A12+A14 | M2: A13+A14 | N2: A14+A15 | O2: A12+A14 SU1-1 | P2: A13+A14 SU | Q2: A12+A14 SU1-2 | R2: A13+A14 SU1-2 | S2: A12+A14 SU2-1 | T2: A13+A14 SU2-1 | U2: A12+A14 SU2 | V2: A13+A14 SU2 | W2: A14+15 | X2: A14+15 | Y2: A13+A14 SU3 | Z2: A12+A14 SU3
A3: Cycle | B3: Sanity | C3: Sanity | D3: Full Cycle Sanity | E3: Full Cycle Sanity | F3: Cycle 1 | G3: Cycle 1 | H3: Cycle 2 | I3: Cycle 2 | J3: Cycle 3 | K3: Cycle 3 | L3: Cycle 4 | M3: Cycle 4 | N3: Pre LRT | O3: SU1-1 | P3: SU1-1 | Q3: SU1-2 | R3: SU1-2 | S3: SU2-1 | T3: SU2-1 | U3: SU2 | V3: SU2 | W3: LRT | X3: LRT | Y3: SU3 | Z3: SU3
A4: Iteration | B4: R4101 | C4: R7301 | D4: R4101 Dryrun | E4: R7401 | F4: R7402 | G4: R7411 | H4: R7403 | I4: R7412 | J4: R7404 | K4: R7413 | L4: R7405 | M4: R7414 | N4: R1591 | O4: R7406 | P4: R7415 | Q4: R7407 | R4: R7416 | S4: R7408 | T4: R7417 | U4: R7409 | V4: R7418 | W4: R1502 | X4: R1503 | Y4: R7419 | Z4: R7431
A5: Total TC Plan / Executed | B5: 490 | C5: 490 | D5: 12736 | E5: 12000 | F5: 4022 | G5: 14002 | H5: 4020 | I5: 14002 | J5: =SUM(J6:J7) -> 5616 | K5: =SUM(K6:K7) -> 14002 | L5: 6016 | M5: 14002 | N5: 12596 | O5: 6000 | P5: 14002 | Q5: 6000 | R5: 14002 | S5: 6000 | T5: =T6+T7 -> 8419 | U5: =U6+U7 -> 6434 | V5: =V6+V7 -> 14002 | W5: =W6+W7 -> 18528 | X5: =X6+X7 -> 17991 | Y5: =Y6+Y7 -> 14002 | Z5: =Z6+Z7 -> 6434
A6: Manual TC Executed | B6: 490 | C6: 490 | D6: 12736 | E6: 12000 | F6: 4022 | G6: 10790 | H6: 4020 | I6: 10502 | J6: 4016 | K6: 9478 | L6: 4016 | M6: 9002 | N6: 9608 | O6: 3000 | P6: 8209 | Q6: 2750 | R6: 7959 | S6: 2500 | T6: =7709-2290 -> 5419 | U6: =2500+492 -> 2992 | V6: 7709 | W6: 14500 | X6: 12000 | Y6: 7002 | Z6: 2434
A7: Automation TC Executed | B7: 0 | C7: 0 | D7: 0 | E7: 0 | F7: 0 | G7: 3212 | H7: 0 | I7: 3500 | J7: 1600 | K7: 4524 | L7: 2000 | M7: 5000 | N7: 2988 | O7: 3000 | P7: 5793 | Q7: 3250 | R7: 6043 | S7: 3500 | T7: =6293-3293 -> 3000 | U7: =3500-58 -> 3442 | V7: 6293 | W7: 4028 | X7: 5991 | Y7: 7000 | Z7: 4000
AD8: Total | AE8: Manual Defects | AF8: Automation defects
A9: Manual Defect Raised | B9: 0 | C9: 2 | D9: 72 | E9: 84 | F9: 8 | G9: 34 | H9: 24 | I9: 63 | J9: =28-1 -> 27 | K9: 78 | L9: 21 | M9: 68 | N9: 137 | O9: 8 | P9: 53 | Q9: 36 | R9: 75 | S9: 44 | T9: 51 | U9: 66 | V9: 53 | X9: 38 | AD9: 1002 | AE9: 966 | AF9: 37
A10: Automation Defect Raised | B10: 0 | C10: 0 | D10: 0 | E10: 0 | F10: 0 | G10: 2 | H10: 0 | I10: 2 | J10: 1 | K10: 5 | L10: 3 | M10: 1 | N10: 8 | O10: 1 | P10: 2 | Q10: 6 | R10: 2 | S10: 2 | T10: 1 | U10: 1 | V10: 2 | X10: 0
A11: Total Defect Raised | B11: =B9+B10 -> 0 | C11: =C9+C10 -> 2 | D11: =D9+D10 -> 72 | E11: =E9+E10 -> 84 | F11: =F9+F10 -> 8 | G11: =G9+G10 -> 36 | H11: =H9+H10 -> 24 | I11: =I9+I10 -> 65 | ... O11: =O9+O10 -> 9 | P11: =P9+P10-1 -> 54 | Q11: =Q9+Q10 -> 42 | R11: =R9+R10 -> 77 | S11: =S9+S10 -> 46 | T11: =T9+T10 -> 52 | U11: =U9+U10 -> 67 | V11: =V9+V10 -> 55 | X11: =X9+X10 -> 38 | Y11: =Y9+Y10 -> 0
A12: Manual Team defect density | B12: =B9/B6 -> 0 | C12: =C9/C6 -> 0.0040816327 | D12: =D9/D6 -> 0.0056532663 | E12: =E9/E6 -> 0.007 | F12: =F9/F6 -> 0.0019890602 | G12: =G9/G6 -> 0.0031510658 | H12: =H9/H6 -> 0.0059701493 | I12: =I9/I6 -> 0.0059988574 | ... V12: =V9/V6 -> 0.0068750811 | X12: =X9/X6 -> 0.0031666667 | Y12: =Y9/Y6 -> 0
A13: Automation Team defect density | B13: =B10/B7 -> #DIV/0! | C13: =C10/C7 -> #DIV/0! | D13: =D10/D7 -> #DIV/0! | E13: =E10/E7 -> #DIV/0! | F13: =F10/F7 -> #DIV/0! | G13: =G10/G7 -> 0.00062266501 | H13: =H10/H7 -> #DIV/0! | I13: =I10/I7 -> 0.00057142857 | ... V13: =V10/V7 -> 0.00031781344 | X13: =X10/X7 -> 0 | Y13: =Y10/Y7 -> 0
J14: AnkitLink | X14: Exe-link
A15: Project | B15: Iteration | D15: TC | E15: Total Defects | F15: S Rank | G15: A Rank | H15: B Rank | I15: C Rank | J15: linkALL | V15: MSR March | X15: MSR March
A16: LRT OSV | B16: OSV A13+A14 | C16: R4101 | D16: =B5 -> 490 | E16: =B11 -> 0 | F16: 0 | G16: 0 | H16: 0 | I16: 0 | J16: Checked ok
B17: OSV A12+A14 | C17: R7301 | D17: =C5 -> 490 | E17: =C11 -> 2 | F17: 1 | G17: 0 | H17: 1 | I17: 0 | J17: Sobia
B18: OSV A13+A14 | C18: R4101 | D18: =D5 -> 12736 | E18: =D11 -> 72 | F18: 11 | G18: 7 | H18: 32 | I18: 22 | J18: Checked ok | X18: 5811
B19: OSV A12+A14 | C19: R7401 | D19: =E5 -> 12000 | E19: =E11 -> 84 | F19: 6 | G19: 7 | H19: 34 | I19: 37 | J19: Checked ok | U19: 2500 | X19: 14002
B20: OSV A12+A14 | C20: R7402 Cycle 1 | D20: =F5 -> 4022 | E20: =F11 -> 8 | F20: 0 | G20: 0 | H20: 5 | I20: 3 | J20: Checked ok | U20: 2989
B21: OSV A13+A14 | C21: R7411 Cycle 1 | D21: 14002 | E21: =G11 -> 36 | F21: 0 | G21: =1+1 -> 2 | H21: =16+1 -> 17 | I21: 17 | J21: Checked ok | U21: =U20-U19 -> 489 | X21: 7709
B22: OSV A12+A14 | C22: R7403 Cycle 2 | D22: =H5 -> 4020 | E22: =H11 -> 24 | F22: 1 | G22: 1 | H22: 11 | I22: 11 | J22: Checked ok | X22: 3981
B23: OSV A13+A14 | C23: R7412 Cycle 2 | D23: =I5 -> 14002 | E23: =I11 -> 65 | F23: =2+3 -> 5 | G23: 6 | H23: 32 | I23: 22 | J23: Checked ok | U23: 2992 | Z23: =5811-3981 -> 1830
B24: OSV A12+A14 | C24: R7404 Cycle 3 | D24: =J5 -> 5616 | E24: =J11 -> 28 | F24: =1+1 -> 2 | G24: 2 | H24: 14 | I24: 10 | J24: Checked ok | U24: =U23-U19 -> 492 | X24: 6293
B25: OSV A13+A14 | C25: R7413 Cycle 3 | D25: =K5 -> 14002 | E25: =K11 -> 83 | F25: =2+1 -> 3 | G25: 18 | H25: =37+3 -> 40 | I25: =21+1 -> 22 | J25: Checked ok | X25: 1830
B26: OSV A12+A14 | C26: R7405 Cycle 4 | D26: =L5 -> 6016 | E26: =L11 -> 24 | F26: 0 | G26: =12+2 -> 14 | H26: 10 | I26: 0 | J26: Checked ok
B27: OSV A13+A14 | C27: R7414 Cycle 4 | D27: =M5 -> 14002 | E27: =M11 -> 69 | F27: =2+1 -> 3 | G27: 14 | H27: =38+1 -> 39 | I27: 13 | J27: Checked ok
B28: OSV A14+A15 | C28: R1591 | D28: =N5 -> 12596 | E28: =N11 -> 145 | F28: 5 | G28: =18+3 -> 21 | H28: =71+2 -> 73 | I28: =43+3 -> 46 | J28: Checked ok
B29: OSV A12+A14 SU1-1 | C29: R7406 SU1-1 | D29: =O5 -> 6000 | E29: =O11 -> 9 | F29: 0 | G29: 0 | H29: =5+1 -> 6 | I29: 3 | J29: Checked ok
B30: OSV A13+A14 SU1-1 | C30: R7415 SU1-1 | D30: =P5 -> 14002 | E30: =P11 -> 54 | F30: 0 | G30: 5 | H30: =32+2-1 -> 33 | I30: 16 | J30: Checked ok
B31: OSV A12+A14 SU1-2 | C31: R7407 SU1-2 | D31: =Q5 -> 6000 | E31: =Q11 -> 42 | F31: =0+1 -> 1 | G31: =3+1 -> 4 | H31: =23+4 -> 27 | I31: 10 | J31: Checked ok
B32: OSV A13+A14 SU1-2 | C32: R7416 SU1-2 | D32: =R5 -> 14002 | E32: =R11 -> 77 | F32: 1 | G32: 9 | H32: =45+2 -> 47 | I32: 20 | J32: Checked ok
B33: OSV A12+A14 SU2-1 | C33: R7408 SU2-1 | D33: =S5 -> 6000 | E33: =S11 -> 46 | F33: 1 | G33: 2 | H33: =29+2 -> 31 | I33: 12 | J33: Checked ok
B34: OSV A13+A14 SU2-1 [STOP/SKIP] | C34: R7417 SU2-1 | D34: =T5 -> 8419 | E34: =T11 -> 52 | F34: 0 | G34: 6 | H34: 25 | I34: =20+1 -> 21 | J34: Checked ok
B35: Additional LRT OSV A12+A14 SU2 | C35: R7409 SU2 | D35: =U5 -> 6434 | E35: =U11 -> 67 | F35: 1 | G35: 7 | H35: =40+1 -> 41 | I35: 18
B36: Additional LRT OSV A13+A14 SU2 | C36: R7418 SU2 | D36: =V5 -> 14002 | E36: =V11 -> 55 | F36: 1 | G36: =4+1 -> 5 | H36: =35+1 -> 36 | I36: 13
B37: OSV A14+A15 | C37: R1503 | D37: =X5 -> 17991 | E37: =X11 -> 38 | F37: 0 | G37: 6 | H37: 21 | I37: 11
B39: Total | D39: =SUM(D16:D30) -> 133996 | E39: =SUM(E16:E38) -> 1080 | F39: =SUM(F16:F37) -> 42 | G39: =SUM(G16:G37) -> 136 | H39: =SUM(H16:H36) -> 554 | I39: =SUM(I16:I37) -> 327
F41: Rankwise
A42: Data Asked by Vijay San on 18Sept
A43: Project | B43: Release Build | C43: TC Creation | D43: Team Size | E43: Productivity | F43: TC Execution | G43: Type | H43: Team Size | I43: Productivity | J43: TC Sript | K43: Team size | L43: Productivity
A44: LRT OSV | B44: OSV A13+A14-R4101 | C44: NA | D44: NA | E44: NA | F44: 490 | G44: Manual | H44: 4 | I44: 55 | J44: NA | K44: NA | L44: NA
A45: LRT OSV | B45: OSV A13+A14-R4101 | C45: NA | D45: NA | E45: NA | F45: 0 | G45: Automation | H45: 0 | I45: NA | J45: NA | K45: NA | L45: NA
A46: LRT OSV | B46: OSV A12+A14-R7301 | C46: NA | D46: NA | E46: NA | F46: 490 | G46: Manual | H46: 4 | I46: 55 | J46: NA | K46: NA | L46: NA
A47: LRT OSV | B47: OSV A12+A14-R7301 | C47: NA | D47: NA | E47: NA | F47: 0 | G47: Automation | H47: 0 | I47: NA | J47: NA | K47: NA | L47: NA
A48: LRT OSV | B48: OSV A13+A14-R4101 | C48: NA | D48: NA | E48: NA | F48: 12736 | G48: Manual | H48: 18 | I48: 53.19 | J48: NA | K48: NA | L48: NA
A49: LRT OSV | B49: OSV A13+A14-R4101 | C49: NA | D49: NA | E49: NA | F49: 0 | G49: Automation | H49: 0 | I49: NA | J49: NA | K49: NA | L49: NA
A50: LRT OSV | B50: OSV A12+A14-R7401 | C50: NA | D50: NA | E50: NA | F50: 12000 | G50: Manual | H50: 18 | I50: 55.52 | J50: NA | K50: NA | L50: NA
A51: LRT OSV | B51: OSV A12+A14-R7401 | C51: NA | D51: NA | E51: NA | F51: 0 | G51: Automation | H51: 0 | I51: NA | J51: NA | K51: NA | L51: NA
A52: LRT OSV | B52: OSV A12+A14-R7402 | C52: NA | D52: NA | E52: NA | F52: 4022 | G52: Manual | H52: 18 | I52: 50.74 | J52: NA | K52: NA | L52: NA
A53: LRT OSV | B53: OSV A12+A14-R7402 | C53: NA | D53: NA | E53: NA | F53: 0 | G53: Automation | H53: 0 | I53: NA | J53: NA | K53: NA | L53: NA
A54: LRT OSV | B54: OSV A13+A14-R7411 | C54: NA | D54: NA | E54: NA | F54: 10790 | G54: Manual | H54: 18 | I54: 53.83 | J54: NA | K54: NA | L54: NA
A55: LRT OSV | B55: OSV A13+A14-R7411 | C55: NA | D55: NA | E55: NA | F55: 3212 | G55: Automation | H55: 3 | I55: 200 | J55: NA | K55: NA | L55: NA
A56: LRT OSV | B56: OSV A12+A14-R7403 | C56: NA | D56: NA | E56: NA | F56: 4020 | G56: Manual | H56: 18 | I56: 57.16 | J56: NA | K56: NA | L56: NA
A57: LRT OSV | B57: OSV A12+A14-R7403 | C57: NA | D57: NA | E57: NA | F57: 0 | G57: Automation | H57: 0 | I57: NA | J57: NA | K57: NA | L57: NA
A58: LRT OSV | B58: OSV A13+A14-R7412 | C58: NA | D58: NA | E58: NA | F58: 10502 | G58: Manual | H58: 18 | I58: 52.48 | J58: NA | K58: NA | L58: NA
A59: LRT OSV | B59: OSV A13+A14-R7412 | C59: NA | D59: NA | E59: NA | F59: 3500 | G59: Automation | H59: 3 | I59: 200 | J59: NA | K59: NA | L59: NA
A60: LRT OSV | B60: OSV A12+A14-R7404 | C60: NA | D60: NA | E60: NA | F60: 4016 | G60: Manual | H60: 18 | I60: 51.85 | J60: NA | K60: NA | L60: NA
A61: LRT OSV | B61: OSV A12+A14-R7404 | C61: NA | D61: NA | E61: NA | F61: 1600 | G61: Automation | H61: 3 | I61: 200 | J61: NA | K61: NA | L61: NA
A62: LRT OSV | B62: OSV A13+A14-R7413 | C62: NA | D62: NA | E62: NA | F62: 9478 | G62: Manual | H62: 18 | I62: 49.94 | J62: NA | K62: NA | L62: NA
A63: LRT OSV | B63: OSV A13+A14-R7413 | C63: NA | D63: NA | E63: NA | F63: 4524 | G63: Automation | H63: 3 | I63: 200 | J63: NA | K63: NA | L63: NA
A64: LRT OSV | B64: OSV A12+A14-R7405 | C64: NA | D64: NA | E64: NA | F64: 4016 | G64: Manual | H64: 18 | I64: 54.85 | J64: NA | K64: NA | L64: NA
A65: LRT OSV | B65: OSV A12+A14-R7405 | C65: NA | D65: NA | E65: NA | F65: 2000 | G65: Automation | H65: 3 | I65: 200 | J65: NA | K65: NA | L65: NA
A66: LRT OSV | B66: OSV A13+A14-R7414 | C66: NA | D66: NA | E66: NA | F66: 9002 | G66: Manual | H66: 18 | I66: 53.63 | J66: NA | K66: NA | L66: NA
A67: LRT OSV | B67: OSV A13+A14-R7414 | C67: NA | D67: NA | E67: NA | F67: 5000 | G67: Automation | H67: 3 | I67: 200 | J67: NA | K67: NA | L67: NA
A68: LRT OSV | B68: OSV A12+A14-R7406 - SU1-1 | C68: NA | D68: NA | E68: NA | F68: 3000 | G68: Manual | H68: 18 | I68: 52.03 | J68: NA | K68: NA | L68: NA
A69: LRT OSV | B69: OSV A12+A14-R7406 - SU1-2 | C69: NA | D69: NA | E69: NA | F69: 3000 | G69: Automation | H69: 3 | I69: 200 | J69: NA | K69: NA | L69: NA
G111: Executive will give
G113: Product Owner
G115: Ssytem TA
G116: DEV TA | H116: CICD Dev ops
G121: Estimate capacity for every iterations
G122: check back log items
G123: Draft plan , bench plan , RISK etc | I123: Review
G127: High level review

Sheet Defect Ranks
A1: LRT OSV | G1: Total defects Raised - Manual + Automation | Q1: Total defects - Manual (TC based) | V1: Total defects - Manual (Observations - not linked to TC) | AA1: Total (Manual + Automation) Defects - Status by 25 Sept 2025 12 PM
A2: Execution Iteration | C2: Test Cases Executed | F2: % | G2: Total defects –Automation (TC based) | L2: Total defects - Manual
A3: Iteration | B3: End date | C3: Total TC | D3: Manual | E3: Automation | F3: Manual | G3: Total | H3: S Rank | I3: A Rank | J3: B Rank | K3: C Rank | L3: Total | M3: S Rank | N3: A Rank | O3: B Rank | P3: C Rank | Q3: Total | R3: S Rank | S3: A Rank | T3: B Rank | U3: C Rank | V3: Total | W3: S Rank | X3: A Rank | Y3: B Rank | Z3: C Rank | AA3: Total | AB3: Draft | AC3: Waiting | AD3: In Investagtion | AE3: Block Fixing Validation | AF3: Closed Confirmation | AG3: Closed
A4: R4101 A13+A14 OSV | B4: 45734 | C4: 490 | D4: 490 | E4: 0 | F4: =D4/C4*100 -> 100 | G4: =SUM(H4:K4) -> 0 | H4: 0 | I4: 0 | J4: 0 | K4: 0 | L4: =SUM(M4:P4) -> 0 | M4: 0 | N4: 0 | O4: 0 | P4: 0 | Q4: =SUM(R4:U4) -> 0 | R4: 0 | S4: 0 | T4: 0 | U4: 0 | V4: =SUM(W4:Z4) -> 0 | W4: 0 | X4: 0 | Y4: 0 | Z4: 0 | AA4: =G4+L4 -> 0 | AB4: 0 | AC4: 0 | AD4: 0 | AE4: 0 | AF4: 0 | AG4: 0
A5: R7301 A12+A14 OSV | B5: 45742 | C5: 490 | D5: 490 | E5: 0 | F5: =D5/C5*100 -> 100 | G5: =SUM(H5:K5) -> 0 | H5: 0 | I5: 0 | J5: 0 | K5: 0 | L5: =SUM(M5:P5) -> 2 | M5: 1 | N5: 0 | O5: 1 | P5: 0 | Q5: =SUM(R5:U5) -> 0 | R5: 0 | S5: 0 | T5: 0 | U5: 0 | V5: =SUM(W5:Z5) -> 2 | W5: 1 | X5: 0 | Y5: 1 | Z5: 0 | AA5: =G5+L5 -> 2 | AB5: 0 | AC5: 0 | AD5: 0 | AE5: 0 | AF5: 0 | AG5: 2
A6: R4101 A13+A14 OSV | B6: 45765 | C6: 12736 | D6: 12736 | E6: 0 | F6: =D6/C6*100 -> 100 | G6: =SUM(H6:K6) -> 0 | H6: 0 | I6: 0 | J6: 0 | K6: 0 | L6: =SUM(M6:P6) -> 72 | M6: 11 | N6: 7 | O6: 32 | P6: 22 | Q6: =SUM(R6:U6) -> 22 | R6: 3 | S6: 2 | T6: 12 | U6: 5 | V6: =SUM(W6:Z6) -> 50 | W6: 8 | X6: 5 | Y6: 20 | Z6: 17 | AA6: =G6+L6 -> 72 | AB6: 0 | AC6: 0 | AD6: 7 | AE6: 7 | AF6: 9 | AG6: 49
A7: R7401 A12+A14 OSV | B7: 45790 | C7: 12000 | D7: 12000 | E7: 0 | F7: =D7/C7*100 -> 100 | G7: =SUM(H7:K7) -> 0 | H7: 0 | I7: 0 | J7: 0 | K7: 0 | L7: =SUM(M7:P7) -> 84 | M7: 6 | N7: 7 | O7: 34 | P7: 37 | Q7: =SUM(R7:U7) -> 20 | R7: 2 | S7: 1 | T7: 13 | U7: 4 | V7: =SUM(W7:Z7) -> 64 | W7: 4 | X7: 6 | Y7: 21 | Z7: 33 | AA7: =G7+L7 -> 84 | AB7: 0 | AC7: 0 | AD7: 4 | AE7: 14 | AF7: 12 | AG7: 54
A8: R7402 A12+A14 OSV | B8: 45814 | C8: 4022 | D8: 4022 | E8: 0 | F8: =D8/C8*100 -> 100 | G8: =SUM(H8:K8) -> 0 | H8: 0 | I8: 0 | J8: 0 | K8: 0 | L8: =SUM(M8:P8) -> 8 | M8: 0 | N8: 0 | O8: 5 | P8: 3 | Q8: =SUM(R8:U8) -> 5 | R8: 0 | S8: 0 | T8: 4 | U8: 1 | V8: =SUM(W8:Z8) -> 3 | W8: 0 | X8: 0 | Y8: 1 | Z8: 2 | AA8: =G8+L8 -> 8 | AB8: 0 | AC8: 0 | AD8: 0 | AE8: 1 | AF8: 1 | AG8: 6 | AK8: 211
A9: R7411 A13+A14 OSV | B9: 45833 | C9: 14002 | D9: 10790 | E9: 3212 | F9: =D9/C9*100 -> 77.06042 | G9: =SUM(H9:K9) -> 2 | H9: 0 | I9: 1 | J9: 1 | K9: 0 | L9: =SUM(M9:P9) -> 34 | M9: 0 | N9: 1 | O9: 16 | P9: 17 | Q9: =SUM(R9:U9) -> 4 | R9: 0 | S9: 0 | T9: 4 | U9: 0 | V9: =SUM(W9:Z9) -> 30 | W9: 0 | X9: 1 | Y9: 12 | Z9: 17 | AA9: =G9+L9 -> 36 | AB9: 0 | AC9: 0 | AD9: 2 | AE9: 6 | AF9: 4 | AG9: 24 | AK9: 367
A10: R7403 A12+A14 OSV | B10: 45840 | C10: 4020 | D10: 4020 | E10: 0 | F10: =D10/C10*100 -> 100 | G10: =SUM(H10:K10) -> 0 | H10: 0 | I10: 0 | J10: 0 | K10: 0 | L10: =SUM(M10:P10) -> 24 | M10: 1 | N10: 1 | O10: 11 | P10: 11 | Q10: =SUM(R10:U10) -> 1 | R10: 0 | S10: 1 | T10: 0 | U10: 0 | V10: =SUM(W10:Z10) -> 23 | W10: 1 | X10: 0 | Y10: 11 | Z10: 11 | AA10: =G10+L10 -> 24 | AB10: 0 | AC10: 0 | AD10: 1 | AE10: 9 | AF10: 1 | AG10: 13 | AK10: 137
A11: R7412 A13+ A14 OSV | B11: 45863 | C11: 14002 | D11: 10502 | E11: 3500 | F11: =D11/C11*100 -> 75.003571 | G11: =SUM(H11:K11) -> 2 | H11: 2 | I11: 0 | J11: 0 | K11: 0 | L11: =SUM(M11:P11) -> 63 | M11: 3 | N11: 6 | O11: 32 | P11: 22 | Q11: =SUM(R11:U11) -> 3 | R11: 0 | S11: 2 | T11: 1 | U11: 0 | V11: =SUM(W11:Z11) -> 60 | W11: 3 | X11: 4 | Y11: 31 | Z11: 22 | AA11: =G11+L11 -> 65 | AB11: 0 | AC11: 3 | AD11: 9 | AE11: 20 | AF11: 6 | AG11: 27
A12: R7404 A12+ A14 OSV | B12: 45868 | C12: 5616 | D12: 4016 | E12: 1600 | F12: =D12/C12*100 -> 71.509972 | G12: =SUM(H12:K12) -> 1 | H12: 1 | I12: 0 | J12: 0 | K12: 0 | L12: =SUM(M12:P12) -> 27 | M12: 1 | N12: 2 | O12: 14 | P12: 10 | Q12: =SUM(R12:U12) -> 1 | R12: 0 | S12: 0 | T12: 1 | U12: 0 | V12: =SUM(W12:Z12) -> 26 | W12: 1 | X12: 2 | Y12: 13 | Z12: 10 | AA12: =G12+L12 -> 28 | AB12: 0 | AC12: 6 | AD12: 3 | AE12: 7 | AF12: 5 | AG12: 7
A13: R7413 A13+ A14 OSV | B13: 45890 | C13: 14002 | D13: 9478 | E13: 4524 | F13: =D13/C13*100 -> 67.69033 | G13: =SUM(H13:K13) -> 5 | H13: 1 | I13: 0 | J13: 3 | K13: 1 | L13: =SUM(M13:P13) -> 78 | M13: 2 | N13: 18 | O13: 37 | P13: 21 | Q13: =SUM(R13:U13) -> 4 | R13: 0 | S13: 2 | T13: 2 | U13: 0 | V13: =SUM(W13:Z13) -> 74 | W13: 2 | X13: 16 | Y13: 35 | Z13: 21 | AA13: =G13+L13 -> 83 | AB13: 0 | AC13: 38 | AD13: 7 | AE13: 9 | AF13: 11 | AG13: 18
A14: R7405 A12+ A14 OSV | B14: 45919 | C14: 6016 | D14: 4016 | E14: 2000 | F14: =D14/C14*100 -> 66.755319 | G14: =SUM(H14:K14) -> 3 | H14: 0 | I14: 2 | J14: 1 | K14: 0 | L14: =SUM(M14:P14) -> 21 | M14: 0 | N14: 0 | O14: 13 | P14: 8 | Q14: =SUM(R14:U14) -> 3 | R14: 0 | S14: 0 | T14: 2 | U14: 1 | V14: =SUM(W14:Z14) -> 18 | W14: 0 | X14: 0 | Y14: 11 | Z14: 7 | AA14: =G14+L14 -> 24 | AB14: 0 | AC14: 22 | AD14: 1 | AE14: 0 | AF14: 1 | AG14: 0
A15: R7414 A13+ A14 OSV | B15: 45937 | C15: 14002 | D15: 9002 | E15: 5000 | F15: =D15/C15*100 -> 64.290816 | G15: =SUM(H15:K15) -> 1 | H15: 1 | I15: 0 | J15: 0 | K15: 0 | L15: =SUM(M15:P15) -> 68 | M15: 2 | N15: 16 | O15: 38 | P15: 12 | Q15: =SUM(R15:U15) -> 6 | R15: 0 | S15: 1 | T15: 5 | U15: 0 | V15: =SUM(W15:Z15) -> 62 | W15: 2 | X15: 15 | Y15: 33 | Z15: 12 | AA15: =G15+L15 -> 69 | AB15: 0 | AC15: 47 | AD15: 2 | AE15: 11 | AF15: 5 | AG15: 4
A16: R1591 A14+ A15 OSV | B16: 45968 | C16: ='All Defects'!N5 -> 12596 | D16: ='All Defects'!N6 -> 9608 | E16: ='All Defects'!N7 -> 2988 | F16: =D16/C16*100 -> 76.278184 | G16: =SUM(H16:K16) -> 8 | H16: 0 | I16: 3 | J16: 2 | K16: 3 | L16: =SUM(M16:P16) -> 137 | M16: 5 | N16: 18 | O16: 71 | P16: 43 | Q16: =SUM(R16:U16) -> 15 | R16: 1 | S16: 4 | T16: 7 | U16: 3 | V16: =SUM(W16:Z16) -> 122 | W16: 4 | X16: 14 | Y16: 64 | Z16: 40 | AA16: =G16+L16 -> 145
A17: R7406 A12+ A14 OSV | B17: 45972 | C17: 6000 | D17: 3000 | E17: 3000 | F17: =D17/C17*100 -> 50 | G17: =SUM(H17:K17) -> 1 | H17: 0 | I17: 0 | J17: 1 | K17: 0 | L17: =SUM(M17:P17) -> 8 | M17: 0 | N17: 0 | O17: 5 | P17: 3 | Q17: =SUM(R17:U17) -> 0 | R17: 0 | S17: 0 | T17: 0 | U17: 0 | V17: =SUM(W17:Z17) -> 8 | W17: 0 | X17: 0 | Y17: 5 | Z17: 3 | AA17: =G17+L17 -> 9
A18: R7415 A13+ A14 OSV | B18: 45982 | C18: 14002 | D18: 8209 | E18: 5793 | F18: =D18/C18*100 -> 58.627339 | G18: =SUM(H18:K18) -> 2 | H18: 0 | I18: 0 | J18: 2 | K18: 0 | L18: =SUM(M18:P18) -> 53 | M18: 0 | N18: 5 | O18: 32 | P18: 16 | Q18: =SUM(R18:U18) -> 3 | R18: 0 | S18: 1 | T18: 2 | U18: 0 | V18: =SUM(W18:Z18) -> 50 | W18: 0 | X18: 4 | Y18: 30 | Z18: 16 | AA18: =G18+L18 -> 55
A19: R7407 A12+ A14 OSV | B19: 46011 | C19: 6000 | D19: 2750 | E19: 3250 | F19: =D19/C19*100 -> 45.833333 | G19: =SUM(H19:K19) -> 3 | H19: 1 | I19: 0 | J19: 2 | K19: 0 | L19: =SUM(M19:P19) -> 36 | M19: 0 | N19: 3 | O19: 23 | P19: 10 | Q19: =SUM(R19:U19) -> 2 | R19: 0 | S19: 0 | T19: 1 | U19: 1 | V19: =SUM(W19:Z19) -> 33 | W19: 0 | X19: 2 | Y19: 22 | Z19: 9
A20: R7416 A13+ A14 OSV | B20: 46039 | C20: ='All Defects'!R5 -> 14002 | D20: ='All Defects'!R7 -> 6043 | E20: ='All Defects'!R6 -> 7959 | F20: =D20/C20*100 -> 43.15812 | G20: =SUM(H20:K20) -> 2 | H20: 0 | I20: 0 | J20: 2 | K20: 0 | L20: =SUM(M20:P20) -> 75 | M20: 1 | N20: 9 | O20: 45 | P20: 20 | Q20: =SUM(R20:U20) -> 1 | R20: 0 | S20: 0 | T20: 1 | U20: 0 | V20: =SUM(W20:Z20) -> 74 | W20: 1 | X20: 9 | Y20: 44 | Z20: 20
A21: R7408 A12+ A14 OSV | B21: 46059 | C21: ='All Defects'!S5 -> 6000 | D21: ='All Defects'!S7 -> 3500 | E21: ='All Defects'!S6 -> 2500 | F21: =D21/C21*100 -> 58.333333 | G21: =SUM(H21:K21) -> 2 | H21: 0 | I21: 0 | J21: 2 | K21: 0 | L21: =SUM(M21:P21) -> 44 | M21: 1 | N21: 2 | O21: 29 | P21: 12 | Q21: =SUM(R21:U21) -> 0 | R21: 0 | S21: 0 | T21: 0 | U21: 0 | V21: =SUM(W21:Z21) -> 44 | W21: 1 | X21: 2 | Y21: 29 | Z21: 12
A22: R7417 A13+ A14 OSV | B22: 46076 | C22: ='All Defects'!T5 -> 8419 | D22: ='All Defects'!T7 -> 3000 | E22: ='All Defects'!T6 -> 5419 | F22: =D22/C22*100 -> 35.633686 | G22: =SUM(H22:K22) -> 1 | H22: 0 | I22: 0 | J22: 0 | K22: 1 | L22: =SUM(M22:P22) -> 51 | M22: 0 | N22: 6 | O22: 25 | P22: 20 | Q22: =SUM(R22:U22) -> 0 | R22: 0 | S22: 0 | T22: 0 | U22: 0 | V22: =SUM(W22:Z22) -> 51 | W22: 0 | X22: 6 | Y22: 25 | Z22: 20
A23: R7409 Additional LRT OSV A12+A14 SU2 | B23: 46078 | C23: ='All Defects'!U5 -> 6434 | D23: ='All Defects'!U7 -> 3442 | E23: ='All Defects'!U6 -> 2992 | F23: =D23/C23*100 -> 53.497047 | G23: =SUM(H23:K23) -> 1 | H23: 0 | I23: 0 | J23: 1 | K23: 0 | L23: =SUM(M23:P23) -> 66 | M23: 1 | N23: 7 | O23: 40 | P23: 18 | Q23: =SUM(R23:U23) -> 3 | R23: 1 | S23: 0 | T23: 2 | U23: 0 | V23: =SUM(W23:Z23) -> 63 | W23: 0 | X23: 7 | Y23: 38 | Z23: 18
A24: R7418 Additional LRT OSV A13+A14 SU2 | B24: 46087 | C24: ='All Defects'!V5 -> 14002 | D24: ='All Defects'!V7 -> 6293 | E24: ='All Defects'!V6 -> 7709 | F24: =D24/C24*100 -> 44.943579 | G24: =SUM(H24:K24) -> 2 | H24: 0 | I24: 1 | J24: 1 | K24: 0 | L24: 53 | M24: 1 | N24: 4 | O24: 35 | P24: 13 | Q24: =SUM(R24:U24) -> 1 | R24: 0 | S24: 0 | T24: 1 | U24: 0 | V24: =SUM(W24:Z24) -> 52 | W24: 1 | X24: 4 | Y24: 34 | Z24: 13
A25: R1503 A14+ A15 OSV | B25: 46098 | C25: ='All Defects'!X5 -> 17991 | D25: ='All Defects'!X7 -> 5991 | E25: ='All Defects'!X6 -> 12000 | F25: =D25/C25*100 -> 33.299983 | G25: =SUM(H25:K25) -> 0 | H25: 0 | I25: 0 | J25: 0 | K25: 0 | L25: =SUM(M25:P25) -> 38 | M25: 0 | N25: 6 | O25: 21 | P25: 11 | Q25: =SUM(R25:U25) -> 2 | R25: 0 | S25: 0 | T25: 2 | U25: 0 | V25: =SUM(W25:Z25) -> 36 | W25: 0 | X25: 6 | Y25: 19 | Z25: 11
A26: R7419 A13+ A14 OSV
A27: Sum | G27: =SUM(G4:G23) -> 34 | H27: =SUM(H4:H25) -> 6 | I27: =SUM(I4:I25) -> 7 | J27: =SUM(J4:J25) -> 18 | K27: =SUM(K4:K25) -> 5 | L27: =SUM(L4:L23) -> 951 | M27: =SUM(M4:M25) -> 36 | N27: =SUM(N4:N25) -> 118 | O27: =SUM(O4:O25) -> 559 | P27: =SUM(P4:P25) -> 329 | Q27: =SUM(Q4:Q23) -> 93 | R27: =SUM(R4:R25) -> 7 | S27: =SUM(S4:S25) -> 14 | T27: =SUM(T4:T25) -> 60 | U27: =SUM(U4:U25) -> 15 | V27: =SUM(V4:V23) -> 857 | W27: =SUM(W4:W25) -> 29 | X27: =SUM(X4:X25) -> 103 | Y27: =SUM(Y4:Y25) -> 499 | Z27: =SUM(Z4:Z25) -> 314 | AA27: =SUM(AA4:AA15) -> 495 | AB27: =SUM(AB4:AB17) -> 0 | AC27: =SUM(AC4:AC17) -> 116 | AD27: =SUM(AD4:AD17) -> 36 | AE27: =SUM(AE4:AE17) -> 84 | AF27: =SUM(AF4:AF17) -> 55 | AG27: =SUM(AG4:AG17) -> 204
G28: 15 | AA28: Percentage | AB28: =AB27/V27*100 -> 0 | AC28: =AC27/AA27*100 -> 23.434343 | AD28: =AD27/AA27*100 -> 7.2727273 | AE28: =AE27/AA27*100 -> 16.969697 | AF28: =AF27/AA27*100 -> 11.111111 | AG28: =AG27/AA27*100 -> 41.212121
B29: 1 | C29: Sowfware quality of OSV & NL build are there any difference?
C30: No - theny why is defect is not found in NL: Most of defct is outside TC detection.
C31: Yes:-
B32: 2 | C32: 1. During test case execution , after completing one test case TE moves to another test case execution while doing precondition of another test case TE observe defect in between this transition hence TE report to TL and after conclusion TE report the defect .KPIT Team has taken alignment for this with Tamanaha and Yamaguch San 2. TLs and TE regular discussion on scenario and defects & we try fixed defect scenario during test case execution so that we can get defects there and also , not all are replica of OSV , few OSV are replica of NL 3. Test Case based defect leakage is not there in A14 NL and OSV

Sheet Sheet1
A1: Iteration | B1: Manual Defect Dashboard Link | C1: Total Defects | D1: Out of TC Defects | E1: TC Defects | F1: Iteration
A2: R7406 A12+ A14 OSV - SU1-1 | B2: https://jira.honda-ivi.com/secure/Dashboard.jspa?selectPageId=22124 | C2: 8 | D2: 8 | E2: 0 | F2: Completed
A3: R7415 A12+ A14 OSV - SU1-1 | B3: https://jira.honda-ivi.com/secure/Dashboard.jspa?selectPageId=22146 | C3: 53 | D3: 50 | E3: 3 | F3: Completed
A4: R7407 A12+ A14 OSV -SU1-2 | B4: https://jira.honda-ivi.com/secure/Dashboard.jspa?selectPageId=22676 | C4: 8 | D4: 7 | E4: 1 | F4: In progress

Sheet TE Def Trend
A1: Tester | B1: R4101 | C1: R7401 | D1: R7402 | E1: R7411 | F1: R7403 | G1: R7412 | H1: R7404 | I1: R7413 | J1: R7405 | K1: R7414 | L1: R1591 | M1: R7406 | N1: R7415 | O1: R7407 | P1: R7416 | Q1: R7408 | R1: R7417 | S1: R7409 | T1: R7418 | U1: OSV Total | V1: A14 NL | W1: Tester | X1: Total | Y1: Replica | Z1: Unique Defects | AT1: Tester | AU1: OSV Total
A2: KPT Md Lucky | B2: 11 | C2: 12 | D2: 0 | E2: 3 | F2: 2 | G2: 2 | H2: 4 | I2: 5 | J2: 2 | K2: 4 | L2: 7 | M2: 0 | N2: 2 | O2: 7 | P2: 6 | Q2: 3 | R2: 5 | S2: 3 | T2: 2 | U2: =SUM(B2:T2) -> 80 | V2: 11 | W2: KPT Md Lucky | X2: =U2 -> 80 | AT2: KPT Md Lucky | AU2: 61
A3: KPT Ayush Mishra | B3: 3 | C3: 6 | D3: 0 | E3: 3 | F3: 1 | G3: 3 | H3: 1 | I3: 8 | J3: 1 | K3: 4 | L3: 7 | M3: 0 | N3: 3 | O3: 2 | P3: 5 | Q3: 2 | R3: 2 | S3: 6 | T3: 3 | U3: =SUM(B3:T3) -> 60 | V3: 18 | W3: KPT Ayush Mishra | X3: =U3 -> 60 | AT3: KPT Mansi Tehra | AU3: 43
A4: KPT Ashwini Karale | B4: 4 | C4: 4 | D4: 1 | E4: 2 | F4: 2 | G4: 3 | H4: 3 | I4: 9 | J4: 0 | K4: 3 | L4: 9 | M4: 2 | N4: 2 | O4: 0 | U4: =SUM(B4:O4) -> 44 | V4: 10 | W4: KPT Ashwini Karale | X4: =U4 -> 44 | AT4: KPT Ayush Mishra | AU4: 42
A5: KPT Arpitha | B5: - | C5: - | D5: 1 | E5: 2 | F5: 3 | G5: 5 | H5: - | I5: - | J5: - | K5: 5 | L5: 21 | M5: - | N5: 11 | O5: 1 | P5: 8 | Q5: 7 | R5: 4 | S5: 8 | T5: 8 | U5: =SUM(B5:T5) -> 84 | W5: KPT Arpitha | X5: =U5 -> 84 | AT5: KPT Prashant Gaikwad | AU5: 39
A6: KPT Mansi Tehra | B6: 8 | C6: 14 | D6: 0 | E6: 1 | F6: 2 | G6: 4 | H6: 0 | I6: 4 | J6: 0 | K6: 6 | L6: 4 | M6: 0 | N6: 0 | O6: 0 | P6: 2 | Q6: 1 | R6: 1 | S6: 5 | T6: 2 | U6: =SUM(B6:T6) -> 54 | V6: 5 | W6: KPT Mansi Tehra | X6: =U6 -> 54 | AT6: KPT Aniket Chaudhari | AU6: 29
A7: KPT Prashant Gaikwad | B7: 5 | C7: 4 | D7: 1 | E7: 1 | F7: 1 | G7: 2 | H7: 0 | I7: 6 | J7: 2 | K7: 4 | L7: 6 | M7: 0 | N7: 3 | O7: 4 | P7: 5 | Q7: 1 | R7: 2 | S7: 5 | T7: 1 | U7: =SUM(B7:T7) -> 53 | V7: 8 | W7: KPT Prashant Gaikwad | X7: =U7 -> 53 | AT7: KPT Shivanand Miraje | AU7: 28
A8: KPT Yogeshwari Saratkar | B8: 3 | C8: 6 | D8: 1 | E8: 3 | F8: 4 | G8: 5 | H8: 1 | I8: 2 | J8: 2 | K8: 3 | L8: 4 | M8: 0 | N8: 6 | O8: 0 | U8: =SUM(B8:O8) -> 40 | V8: 2 | W8: KPT Yogeshwari Saratkar | X8: =U8 -> 40 | AT8: KPT Prachi Gahile | AU8: 27
A9: KPT Pravin Khade | B9: 3 | C9: 9 | D9: 0 | E9: 4 | F9: 2 | G9: 4 | H9: 2 | I9: 6 | J9: 3 | K9: 4 | L9: - | M9: - | N9: - | O9: - | P9: - | Q9: - | R9: - | S9: - | T9: - | U9: =SUM(B9:N9) -> 37 | V9: 4 | W9: KPT Pravin Khade | X9: =U9 -> 37 | AT9: KPT Shalaka Walke | AU9: 25
A10: KPT Prachi Gahile | B10: 2 | C10: 3 | D10: 0 | E10: 1 | F10: 0 | G10: 2 | H10: 2 | I10: 4 | J10: 2 | K10: 3 | L10: 8 | M10: 0 | N10: 0 | O10: 0 | P10: 1 | Q10: 1 | R10: 3 | S10: 6 | T10: 4 | U10: =SUM(B10:T10) -> 42 | V10: 14 | W10: KPT Prachi Gahile | X10: =U10 -> 42 | AT10: KPT Jitendra Gunjal | AU10: 21
A11: KPT Dinesh Patil | B11: - | C11: - | D11: - | E11: - | G11: 3 | H11: - | I11: 1 | J11: 1 | K11: 4 | L11: 13 | M11: 1 | N11: 7 | O11: 3 | P11: 7 | Q11: 8 | R11: 8 | S11: 5 | T11: 9 | U11: =SUM(B11:T11) -> 70 | V11: 4 | W11: KPT Dinesh Patil | X11: =U11 -> 70 | AT11: KPT Apoorva Thomre | AU11: 18
A12: Shekhar Rane | B12: - | C12: - | D12: - | E12: - | F12: - | G12: - | H12: - | I12: 5 | J12: - | K12: - | L12: 3 | M12: - | N12: - | O12: - | P12: 4 | U12: =SUM(B12:N12) -> 8 | V12: 26 | W12: Shekhar Rane | X12: =U12 -> 8 | AT12: KPT Praveen Reddimalla | AU12: 16
A13: KPT Shivanand Miraje | B13: 3 | C13: 2 | D13: 0 | E13: 3 | F13: 1 | G13: 3 | H13: 1 | I13: 4 | J13: 0 | K13: 5 | L13: 5 | M13: 0 | O13: 1 | P13: 2 | U13: =SUM(B13:P13) -> 30 | V13: 5 | W13: KPT Shivanand Miraje | X13: =U13 -> 30 | AT13: KPT Karthik Reddy | AU13: 12
A14: KPT Aniket Chaudhari | B14: - | C14: 1 | D14: 0 | E14: 0 | F14: 1 | G14: 3 | H14: 1 | I14: 1 | J14: 1 | K14: 4 | L14: 6 | M14: 0 | N14: 3 | O14: 8 | P14: 6 | Q14: 2 | R14: 3 | S14: 5 | T14: 4 | U14: =SUM(B14:T14) -> 49 | V14: 9 | W14: KPT Aniket Chaudhari | X14: =U14 -> 49 | AT14: KPT Arpit Nayak | AU14: 11
A15: KPT Shalaka Walke | B15: 1 | C15: 4 | D15: 1 | E15: 1 | F15: 1 | G15: 6 | H15: 2 | I15: 1 | J15: - | K15: 3 | L15: 4 | M15: - | N15: - | O15: 1 | P15: 3 | Q15: 0 | R15: 2 | S15: 3 | T15: 0 | U15: =SUM(B15:P15) -> 28 | V15: 4 | W15: KPT Shalaka Walke | X15: =U15 -> 28 | AT15: KPT Piyush Kumar | AU15: 11
A16: KPT Apoorva Thomre | B16: - | C16: - | D16: - | E16: 1 | F16: 1 | G16: 3 | H16: 0 | I16: 3 | J16: 1 | K16: 5 | L16: 2 | M16: 0 | N16: 2 | O16: 0 | P16: 1 | Q16: 1 | R16: 1 | S16: 3 | T16: 0 | U16: =SUM(B16:T16) -> 24 | V16: 7 | W16: KPT Apoorva Thomre | X16: =U16 -> 24 | AT16: Shekhar Rane | AU16: 8
A17: KPT Jitendra Gunjal | B17: 5 | C17: 2 | D17: 0 | E17: 0 | F17: 0 | G17: 2 | H17: 2 | I17: 1 | J17: 0 | K17: 1 | L17: 4 | M17: 0 | N17: 2 | O17: 2 | P17: 1 | R17: 2 | S17: 4 | T17: 1 | U17: =SUM(B17:P17) -> 22 | V17: 4 | W17: KPT Jitendra Gunjal | X17: =U17 -> 22 | AT17: Amrit Raj | AU17: 6
A18: KPT Arpit Nayak | B18: - | C18: - | D18: - | E18: - | F18: - | G18: - | H18: - | I18: 1 | J18: 1 | K18: 2 | L18: 4 | M18: 3 | P18: 3 | T18: 1 | U18: =SUM(B18:N18) -> 11 | V18: 11 | W18: KPT Arpit Nayak | X18: =U18 -> 11 | AT18: Gorakhnath | AU18: 2
A19: KPT Karan Mashal | B19: 0 | C19: 4 | D19: 0 | E19: 2 | F19: 1 | G19: 4 | H19: 3 | I19: 2 | J19: 1 | K19: 3 | L19: - | M19: - | N19: - | O19: - | U19: =SUM(B19:N19) -> 20 | W19: KPT Karan Mashal | X19: =U19 -> 20
A20: KPT Praveen Reddimalla | B20: 1 | C20: 1 | D20: 0 | E20: 3 | F20: 1 | G20: 1 | H20: 1 | I20: 4 | J20: 0 | K20: 1 | L20: 2 | M20: 0 | O20: 1 | P20: 2 | S20: 3 | T20: 2 | U20: =SUM(B20:P20) -> 18 | V20: 5 | W20: KPT Praveen Reddimalla | X20: =U20 -> 18
A21: KPT Piyush Kumar | B21: 2 | C21: - | D21: 2 | E21: - | F21: - | G21: - | H21: - | I21: 1 | J21: 2 | K21: 0 | L21: 3 | M21: 1 | P21: 1 | Q21: 1 | U21: =SUM(B21:N21) -> 11 | V21: 9 | W21: KPT Piyush Kumar | X21: =U21 -> 11
A22: Adarsh kp | B22: - | C22: - | D22: - | E22: - | F22: - | G22: 2 | H22: - | I22: - | J22: - | K22: - | L22: 10 | M22: 1 | N22: 6 | O22: 4 | P22: 8 | Q22: 12 | R22: 8 | S22: 4 | T22: 9 | U22: =SUM(B22:T22) -> 64 | W22: Adarsh kp | X22: =U22 -> 64
A23: KPT Bharati Jagtap | B23: 4 | C23: 3 | D23: 0 | E23: 1 | F23: 1 | G23: 2 | H23: 1 | I23: 2 | J23: - | K23: - | L23: - | M23: - | U23: =SUM(B23:N23) -> 14 | W23: KPT Bharati Jagtap | X23: =U23 -> 14
A24: KPT Karthik Reddy | B24: - | C24: - | D24: - | E24: - | F24: - | G24: 1 | H24: - | I24: 2 | J24: 2 | K24: 2 | L24: 3 | M24: 0 | N24: - | O24: 2 | P24: 3 | R24: 3 | U24: =SUM(B24:P24) -> 15 | V24: 12 | W24: KPT Karthik Reddy | X24: =U24 -> 15
A25: KPT Lakshmana Sampathirao | B25: - | C25: - | D25: - | E25: - | F25: - | G25: 0 | H25: 1 | I25: 1 | J25: 0 | K25: 2 | L25: 2 | M25: 0 | N25: - | O25: - | P25: - | Q25: - | R25: - | S25: - | T25: - | U25: =SUM(B25:N25) -> 6 | V25: 4 | W25: KPT Lakshmana Sampathirao | X25: =U25 -> 6
A26: KPT Abhinandan Bankar | B26: 1 | C26: 2 | D26: 0 | E26: 0 | F26: 0 | G26: 1 | H26: 1 | I26: 4 | J26: - | K26: - | L26: - | M26: - | N26: - | O26: - | P26: - | Q26: - | R26: - | S26: - | T26: - | U26: =SUM(B26:N26) -> 9 | W26: KPT Abhinandan Bankar | X26: =U26 -> 9
A27: Amrit Raj | B27: - | C27: - | D27: - | E27: - | F27: - | G27: - | H27: - | I27: - | J27: - | K27: - | L27: 2 | M27: - | N27: 4 | O27: 0 | P27: 3 | Q27: 3 | R27: 3 | S27: 4 | T27: 3 | U27: =SUM(B27:N27) -> 6 | V27: 3 | W27: Amrit Raj | X27: =U27 -> 6
A28: Rajat singh | B28: - | C28: - | D28: - | E28: - | F28: - | G28: - | H28: - | I28: - | J28: - | K28: - | L28: 7 | M28: - | N28: - | O28: - | P28: - | Q28: - | R28: - | S28: - | T28: - | U28: =SUM(B28:N28) -> 7 | W28: Rajat singh | X28: =U28 -> 7
A29: Gorakhnath | B29: - | C29: - | D29: - | E29: - | F29: - | G29: - | H29: - | I29: - | J29: - | K29: - | L29: - | M29: - | N29: 2 | P29: 4 | Q29: 2 | R29: 4 | S29: 2 | T29: 2 | U29: =SUM(B29:N29) -> 2 | V29: 5 | W29: Gorakhnath | X29: =U29 -> 2
A30: KPT Shailesh D | B30: 3 | C30: - | D30: - | E30: - | F30: - | G30: 2 | H30: - | I30: - | J30: - | K30: - | L30: - | M30: - | N30: - | O30: - | P30: - | Q30: - | R30: - | S30: - | T30: - | U30: =SUM(B30:N30) -> 5 | W30: KPT Shailesh D | X30: =U30 -> 5
A31: KPT Sohan Ubale | B31: 0 | C31: 3 | D31: 1 | E31: 0 | F31: - | G31: - | H31: - | I31: - | J31: - | K31: - | L31: - | M31: - | N31: - | U31: =SUM(B31:N31) -> 4 | W31: KPT Sohan Ubale | X31: =U31 -> 4
A32: Kumar Abhijeet | B32: 3 | C32: 1 | D32: - | E32: - | F32: - | G32: - | H32: - | I32: - | J32: - | K32: - | L32: - | M32: - | N32: - | O32: - | P32: - | Q32: - | R32: - | S32: - | T32: - | U32: =SUM(B32:N32) -> 4 | W32: Kumar Abhijeet | X32: =U32 -> 4
A33: Shweta Agrawal | B33: 4 | C33: - | D33: - | E33: - | F33: - | G33: - | H33: - | I33: - | J33: - | K33: - | L33: - | M33: - | N33: - | O33: - | P33: - | Q33: - | R33: - | S33: - | T33: - | U33: =SUM(B33:N33) -> 4 | W33: Shweta Agrawal | X33: =U33 -> 4
A34: KPT Karuvedi Naveen Kumar | B34: - | C34: - | D34: - | E34: - | F34: - | G34: 0 | H34: 2 | I34: 1 | J34: - | K34: - | L34: - | M34: - | N34: - | U34: =SUM(B34:N34) -> 3 | W34: KPT Karuvedi Naveen Kumar | X34: =U34 -> 3
A35: Vishal Shelke | B35: 3 | C35: - | D35: - | E35: - | F35: - | G35: - | H35: - | I35: - | J35: - | K35: - | L35: - | M35: - | N35: - | O35: - | P35: - | Q35: - | R35: - | S35: - | T35: - | U35: =SUM(B35:N35) -> 3 | W35: Vishal Shelke | X35: =U35 -> 3
A36: Gaurav Gupta | C36: 2 | D36: - | E36: - | F36: - | G36: - | H36: - | I36: - | J36: - | K36: - | L36: - | M36: - | N36: - | O36: - | P36: - | Q36: - | R36: - | S36: - | T36: - | U36: =SUM(B36:N36) -> 2 | W36: Gaurav Gupta | X36: =U36 -> 2
A37: Vaibhav Malte | B37: 1 | C37: 1 | D37: - | E37: - | F37: - | G37: - | H37: - | I37: - | J37: - | K37: - | L37: - | M37: - | N37: - | O37: - | P37: - | Q37: - | R37: - | S37: - | T37: - | U37: =SUM(B37:N37) -> 2 | W37: Vaibhav Malte | X37: =U37 -> 2
A38: KPT Prasad Aute | B38: - | C38: - | D38: - | E38: 1 | F38: 0 | G38: 0 | H38: 0 | I38: 0 | J38: - | K38: - | L38: - | M38: - | N38: - | O38: - | P38: - | Q38: - | R38: - | S38: - | T38: - | U38: =SUM(B38:N38) -> 1 | W38: KPT Prasad Aute | X38: =U38 -> 1
A39: Rajat singh | B39: 1 | C39: - | D39: - | E39: - | F39: - | G39: - | H39: - | I39: - | J39: - | K39: - | L39: - | M39: - | N39: - | O39: - | P39: - | Q39: - | R39: - | S39: - | T39: - | U39: =SUM(B39:N39) -> 1 | W39: Rajat singh | X39: =U39 -> 1
A40: Ashish Kadam | B40: 1 | C40: - | D40: - | E40: - | F40: - | G40: - | H40: - | I40: - | J40: - | K40: - | L40: - | M40: - | N40: - | O40: - | P40: - | Q40: - | R40: - | S40: - | T40: - | U40: =SUM(B40:N40) -> 1 | W40: Ashish Kadam | X40: =U40 -> 1
A41: Dinoday | B41: - | C41: - | D41: - | E41: - | F41: - | G41: - | H41: - | I41: - | J41: - | K41: - | L41: - | M41: - | N41: - | O41: - | P41: - | Q41: - | R41: - | S41: - | T41: 2 | U41: =SUM(B41:N41) -> 0 | W41: Dinoday | X41: =U41 -> 0
A42: Total | B42: =SUM(B2:B41) -> 72 | C42: =SUM(C2:C41) -> 84 | D42: =SUM(D2:D41) -> 8 | E42: =SUM(E2:E41) -> 32 | F42: =SUM(F2:F41) -> 24 | G42: =SUM(G2:G41) -> 63 | H42: =SUM(H2:H41) -> 28 | I42: =SUM(I2:I41) -> 78 | ... T42: =SUM(T2:T41) -> 53 | U42: =SUM(B42:T42) -> 1000
A43: From JIRA | B43: ='Defect Ranks'!L6 -> 72 | C43: ='Defect Ranks'!L7 -> 84 | D43: ='Defect Ranks'!L8 -> 8 | E43: ='Defect Ranks'!L9 -> 34 | F43: ='Defect Ranks'!L10 -> 24 | G43: ='Defect Ranks'!L11 -> 63 | H43: ='Defect Ranks'!L12 -> 27 | I43: ='Defect Ranks'!L13 -> 78 | J43: ='Defect Ranks'!L14 -> 21 | K43: ='Defect Ranks'!L15 -> 68 | L43: ='Defect Ranks'!L16 -> 137 | M43: ='Defect Ranks'!L17 -> 8 | N43: ='Defect Ranks'!L18 -> 53 | O43: ='Defect Ranks'!L19 -> 36 | P43: ='Defect Ranks'!L20 -> 75 | Q43: ='Defect Ranks'!L21 -> 44 | R43: ='Defect Ranks'!L22 -> 51 | S43: ='Defect Ranks'!L23 -> 66 | T43: ='Defect Ranks'!L24 -> 53 | U43: =SUM(B43:T43) -> 1002
A44: Match | B44: =B42=B43 -> TRUE | C44: =C42=C43 -> TRUE | D44: =D42=D43 -> TRUE | E44: =E42=E43 -> FALSE | F44: =F42=F43 -> TRUE | G44: =G42=G43 -> TRUE | H44: =H42=H43 -> FALSE | I44: =I42=I43 -> TRUE | ... U44: =U42=U43 -> FALSE

Sheet Density
A1: Iteration | B1: Manual TC Executed | C1: TC Effectiveness | D1: Manual DD | E1: Automation TC Executed | F1: Automation Defects Raised | G1: TC Effectiveness
A2: ='Defect Ranks'!A4 -> R4101 A13+A14 OSV | B2: ='Defect Ranks'!D4 -> 490 | C2: ='Defect Ranks'!L4 -> 0 | D2: =B2/C2*100 -> #DIV/0! | E2: ='Defect Ranks'!E4 -> 0 | F2: ='Defect Ranks'!G4 -> 0
A3: ='Defect Ranks'!A5 -> R7301 A12+A14 OSV | B3: ='Defect Ranks'!D5 -> 490 | C3: ='Defect Ranks'!L5 -> 2 | D3: =C3/B3*100 -> 0.40816327 | E3: ='Defect Ranks'!E5 -> 0 | F3: ='Defect Ranks'!G5 -> 0
A4: ='Defect Ranks'!A6 -> R4101 A13+A14 OSV | B4: ='Defect Ranks'!D6 -> 12736 | C4: ='Defect Ranks'!L6 -> 72 | D4: =C4/B4*100 -> 0.56532663 | E4: ='Defect Ranks'!E6 -> 0 | F4: ='Defect Ranks'!G6 -> 0
A5: ='Defect Ranks'!A7 -> R7401 A12+A14 OSV | B5: ='Defect Ranks'!D7 -> 12000 | C5: ='Defect Ranks'!L7 -> 84 | D5: =C5/B5*100 -> 0.7 | E5: ='Defect Ranks'!E7 -> 0 | F5: ='Defect Ranks'!G7 -> 0
A6: ='Defect Ranks'!A8 -> R7402 A12+A14 OSV | B6: ='Defect Ranks'!D8 -> 4022 | C6: ='Defect Ranks'!L8 -> 8 | D6: =C6/B6*100 -> 0.19890602 | E6: ='Defect Ranks'!E8 -> 0 | F6: ='Defect Ranks'!G8 -> 0
A7: ='Defect Ranks'!A9 -> R7411 A13+A14 OSV | B7: ='Defect Ranks'!D9 -> 10790 | C7: ='Defect Ranks'!L9 -> 34 | D7: =C7/B7*100 -> 0.31510658 | E7: ='Defect Ranks'!E9 -> 3212 | F7: ='Defect Ranks'!G9 -> 2 | G7: =F7/E7 -> 0.00062266501
A8: ='Defect Ranks'!A10 -> R7403 A12+A14 OSV | B8: ='Defect Ranks'!D10 -> 4020 | C8: ='Defect Ranks'!L10 -> 24 | D8: =C8/B8*100 -> 0.59701493 | E8: ='Defect Ranks'!E10 -> 0 | F8: ='Defect Ranks'!G10 -> 0
A9: ='Defect Ranks'!A11 -> R7412 A13+ A14 OSV | B9: ='Defect Ranks'!D11 -> 10502 | C9: ='Defect Ranks'!L11 -> 63 | D9: =C9/B9*100 -> 0.59988574 | E9: ='Defect Ranks'!E11 -> 3500 | F9: ='Defect Ranks'!G11 -> 2 | G9: =F9/E9 -> 0.00057142857
A10: ='Defect Ranks'!A12 -> R7404 A12+ A14 OSV | B10: ='Defect Ranks'!D12 -> 4016 | C10: ='Defect Ranks'!L12 -> 27 | D10: =C10/B10*100 -> 0.67231076 | E10: ='Defect Ranks'!E12 -> 1600 | F10: ='Defect Ranks'!G12 -> 1 | G10: =F10/E10 -> 0.000625
A11: ='Defect Ranks'!A13 -> R7413 A13+ A14 OSV | B11: ='Defect Ranks'!D13 -> 9478 | C11: ='Defect Ranks'!L13 -> 78 | D11: =C11/B11*100 -> 0.82295843 | E11: ='Defect Ranks'!E13 -> 4524 | F11: ='Defect Ranks'!G13 -> 5 | G11: =F11/E11 -> 0.0011052166
A12: ='Defect Ranks'!A14 -> R7405 A12+ A14 OSV | B12: ='Defect Ranks'!D14 -> 4016 | C12: ='Defect Ranks'!L14 -> 21 | D12: =C12/B12*100 -> 0.52290837 | E12: ='Defect Ranks'!E14 -> 2000 | F12: ='Defect Ranks'!G14 -> 3 | G12: =F12/E12 -> 0.0015
A13: ='Defect Ranks'!A15 -> R7414 A13+ A14 OSV | B13: ='Defect Ranks'!D15 -> 9002 | C13: ='Defect Ranks'!L15 -> 68 | D13: =C13/B13*100 -> 0.75538769 | E13: ='Defect Ranks'!E15 -> 5000 | F13: ='Defect Ranks'!G15 -> 1 | G13: =F13/E13 -> 0.0002
A14: ='Defect Ranks'!A16 -> R1591 A14+ A15 OSV | B14: ='Defect Ranks'!D16 -> 9608 | C14: ='Defect Ranks'!L16 -> 137 | D14: =C14/B14*100 -> 1.4258951 | E14: ='Defect Ranks'!E16 -> 2988 | F14: ='Defect Ranks'!G16 -> 8 | G14: =F14/E14 -> 0.0026773762
A15: ='Defect Ranks'!A17 -> R7406 A12+ A14 OSV | B15: ='Defect Ranks'!D17 -> 3000 | C15: ='Defect Ranks'!L17 -> 8 | D15: =C15/B15*100 -> 0.26666667 | E15: ='Defect Ranks'!E17 -> 3000 | F15: ='Defect Ranks'!G17 -> 1 | G15: =F15/E15 -> 0.00033333333
A16: ='Defect Ranks'!A18 -> R7415 A13+ A14 OSV | B16: ='Defect Ranks'!D18 -> 8209 | C16: ='Defect Ranks'!L18 -> 53 | D16: =C16/B16*100 -> 0.64563284 | E16: ='Defect Ranks'!E18 -> 5793 | F16: ='Defect Ranks'!G18 -> 2 | G16: =F16/E16 -> 0.00034524426
A17: ='Defect Ranks'!A19 -> R7407 A12+ A14 OSV | B17: ='Defect Ranks'!D19 -> 2750 | C17: ='Defect Ranks'!L19 -> 36 | D17: =C17/B17*100 -> 1.3090909 | E17: ='Defect Ranks'!E19 -> 3250 | F17: ='Defect Ranks'!G19 -> 3 | G17: =F17/E17 -> 0.00092307692
A18: ='Defect Ranks'!A20 -> R7416 A13+ A14 OSV | B18: ='Defect Ranks'!D20 -> 6043 | C18: ='Defect Ranks'!L20 -> 75 | D18: =C18/B18*100 -> 1.2411054 | E18: ='Defect Ranks'!E20 -> 7959 | F18: ='Defect Ranks'!G20 -> 2 | G18: =F18/E18 -> 0.00025128785
A19: ='Defect Ranks'!A21 -> R7408 A12+ A14 OSV | B19: ='Defect Ranks'!D21 -> 3500 | C19: ='Defect Ranks'!L21 -> 44 | D19: =C19/B19*100 -> 1.2571429 | E19: ='Defect Ranks'!E21 -> 2500 | F19: ='Defect Ranks'!G21 -> 2 | G19: =F19/E19 -> 0.0008
A20: ='Defect Ranks'!A22 -> R7417 A13+ A14 OSV | B20: ='Defect Ranks'!D22 -> 3000 | C20: ='Defect Ranks'!L22 -> 51 | D20: =C20/B20*100 -> 1.7 | E20: ='Defect Ranks'!E22 -> 5419 | F20: ='Defect Ranks'!G22 -> 1 | G20: =F20/E20 -> 0.00018453589
A21: ='Defect Ranks'!A23 -> R7409 Additional LRT OSV A12+A14 SU2 | B21: ='Defect Ranks'!D23 -> 3442 | C21: ='Defect Ranks'!L23 -> 66 | D21: =C21/B21*100 -> 1.9174898 | E21: ='Defect Ranks'!E23 -> 2992 | F21: ='Defect Ranks'!G23 -> 1 | G21: =F21/E21 -> 0.0003342246
A24: Iteration | B24: Manual TC Effectiveness | C24: Automation TC Effectiveness
A25: =A2 -> R4101 A13+A14 OSV | B25: 0 | C25: =G2 -> 0
A26: =A3 -> R7301 A12+A14 OSV | B26: =D3 -> 0.40816327 | C26: =G3 -> 0
A27: =A4 -> R4101 A13+A14 OSV | B27: =D4 -> 0.56532663 | C27: =G4 -> 0
A28: =A5 -> R7401 A12+A14 OSV | B28: =D5 -> 0.7 | C28: =G5 -> 0
A29: =A6 -> R7402 A12+A14 OSV | B29: =D6 -> 0.19890602 | C29: =G6 -> 0
A30: =A7 -> R7411 A13+A14 OSV | B30: =D7 -> 0.31510658 | C30: =G7 -> 0.00062266501
A31: =A8 -> R7403 A12+A14 OSV | B31: =D8 -> 0.59701493 | C31: =G8 -> 0
A32: =A9 -> R7412 A13+ A14 OSV | B32: =D9 -> 0.59988574 | C32: =G9 -> 0.00057142857
A33: =A10 -> R7404 A12+ A14 OSV | B33: =D10 -> 0.67231076 | C33: =G10 -> 0.000625
A34: =A11 -> R7413 A13+ A14 OSV | B34: =D11 -> 0.82295843 | C34: =G11 -> 0.0011052166
A35: =A12 -> R7405 A12+ A14 OSV | B35: =D12 -> 0.52290837 | C35: =G12 -> 0.0015
A36: =A13 -> R7414 A13+ A14 OSV | B36: =D13 -> 0.75538769 | C36: =G13 -> 0.0002
A37: =A14 -> R1591 A14+ A15 OSV | B37: =D14 -> 1.4258951 | C37: =G14 -> 0.0026773762
... A44: =A21 -> R7409 Additional LRT OSV A12+A14 SU2 | B44: =D21 -> 1.9174898 | C44: =G21 -> 0.0003342246

Sheet 4 MSR
K1: IVI Validation - October Planned Deliveries
K2: # | L2: Sub Project Name | M2: Deliveries | N2: Planned End Date | O2: Actual End Date | P2: Status
B3: LRT | C3: A13+A14 | D3: A12+A14 | E3: A13+A14 | J3: Oct | K3: 1 | L3: LRT OSV PF23 | M3: A14-13VF R7414 | N3: 45937 | O3: 45937 | P3: Completed
B4: Cycle | C4: Cycle 2 | D4: Cycle 3 | E4: Cycle 3
B5: Iteration | C5: R7412 | D5: R7404 | E5: R7413 | K5: IVI Validation - November Planned Deliveries
B6: Total TC Plan / Executed | C6: 14002 | D6: =SUM(D7:D8) -> 5616 | E6: =SUM(E7:E8) -> 14002 | K6: # | L6: Sub Project Name | M6: Deliveries | N6: Planned End Date | O6: Actual End Date | P6: Status
B7: Manual TC Executed | C7: 10502 | D7: 4016 | E7: 9478 | K7: 1 | L7: LRT OSV PF23 | M7: A15-14VF R1591 | N7: 45968 | O7: 45968 | P7: Completed
B8: Automation TC Executed | C8: 3500 | D8: 1600 | E8: 4524 | J8: Nov | K8: 2 | L8: LRT OSV PF23 | M8: A14-12VF-SU1-1 R7406 | N8: 45971 | O8: 45971 | P8: Completed
B9: Manual Defect Raised | C9: 63 | D9: 25 | E9: 78 | K9: 3 | L9: LRT OSV PF23 | M9: A14-13VF-SU1-1 R7415 | N9: 45982 | O9: 45982 | P9: Completed
B10: Automation Defect Raised | C10: 2 | D10: 1 | E10: 5
B11: Total Defect Raised | C11: =SUM(C9:C10) -> 65 | D11: =SUM(D9:D10) -> 26 | E11: =SUM(E9:E10) -> 83 | K11: IVI Validation - December Planned Deliveries
B12: Manual Team defect density | C12: =C9/C7 -> 0.0059988574 | D12: =D9/D7 -> 0.0062250996 | E12: =E9/E7 -> 0.0082295843 | K12: # | L12: Sub Project Name | M12: Deliveries | N12: Planned End Date | O12: Actual End Date | P12: Status
B13: Automation Team defect density | C13: =C10/C8 -> 0.00057142857 | D13: =D10/D8 -> 0.000625 | E13: =E10/E8 -> 0.0011052166 | J13: Dec | K13: 1 | L13: LRT OSV PF23 | M13: A14-12VF-SU1-2 R7407 | N13: 46011 | O13: 46011 | P13: Completed
B15: Iteration | D15: TC | E15: Total Defects | F15: S Rank | G15: A Rank | H15: B Rank | I15: C Rank
B16: OSV A13+A14 | C16: R7412 Cycle 2 | D16: 14002 | E16: =SUM(F16:I16) -> 65 | F16: =2+3 -> 5 | G16: 6 | H16: 32 | I16: 22
B17: OSV A12+A14 | C17: R7404 Cycle 3 | D17: 5616 | E17: =SUM(F17:I17) -> 29 | F17: =1+1 -> 2 | G17: 3 | H17: 14 | I17: 10
B18: OSV A13+A14 | C18: R7413 Cycle 3 | D18: 14002 | E18: =SUM(F18:I18) -> 83 | F18: 3 | G18: 18 | H18: 40 | I18: 22
B19: Total | D19: =SUM(D14:D18) -> 33620 | E19: =SUM(E14:E18) -> 177 | F19: =SUM(F14:F18) -> 10 | G19: =SUM(G14:G18) -> 27 | H19: =SUM(H14:H18) -> 86 | I19: =SUM(I14:I18) -> 54

Sheet WSR
A1: Phase | B1: Activity | C1: Planned Start Date | D1: Planned End Date | E1: Status | F1: Calendar Week | G1: CW49 | L1: CW50 | Q1: CW51 | W1: CW52 | AB1: CW 01 | AG1: CW 02 | AL1: CW 03 | AQ1: CW 03
F2: Month | G2: Dec'25 | AE2: Jan'26
F3: Days | G3: 1 | H3: 2 | I3: 3 | J3: 4 | K3: 5 | L3: 8 | M3: 9 | N3: 10 | O3: 11 | P3: 12 | Q3: 15 | R3: 16 | S3: 17 | T3: 18 | U3: 19 | V3: 20 | W3: 22 | X3: 23 | Y3: 24 | Z3: 25 | AA3: 26 | AB3: 29 | AC3: 30 | AD3: 31 | AE3: 1 | AF3: 2 | AG3: 5 | AH3: 6 | AI3: 7 | AJ3: 8 | AK3: 9 | AL3: 12 | AM3: 13 | AN3: 14 | AO3: 15 | AP3: 16 | AQ3: 19 | AR3: 20 | AS3: 21 | AT3: 22 | AU3: 23
A4: A14-12VF-SU1-2
A5: A14-12VF-SU1-2 | B5: A12+A14 | C5: 46007 | D5: 46011 | E5: Planned
A6: A14-13VF-SU1-2
A7: A14-13VF-SU1-2 | B7: A13+A14 | C7: 46028 | D7: 46041 | E7: Planned

Sheet Team
A1: Name | B1: Team | D1: Assignee | E1: Team | F1: Draft | G1: Waiting | H1: IN INVESTIGATING | I1: IN WORK | J1: IN INTEGRATION REVIEW | K1: CLOSE CONFIRMATION | L1: INVESTIGATING OUTSIDE | M1: [IN INVESTIGATING]APPLY FOR CLOSE | N1: [IN WORK]APPLY FOR CLOSE | O1: BLOCK FIXING VALIDATION | P1: CLOSED | Q1: T: | R1: T:
A2: KPT Abhinandan Bankar | B2: Val | D2: HM Yunan Cai | E2: =VLOOKUP(D2,A:B,2,0) -> HM | F2: 0 | G2: 0 | H2: 0 | I2: 0 | J2: 0 | K2: 0 | L2: 1 | M2: 0 | N2: 0 | O2: 0 | P2: 0 | Q2: 1 | R2: 1
A3: KPT Achal Saraiya | B3: Dev | D3: KPT Abhaya Samantaray | E3: =VLOOKUP(D3,A:B,2,0) -> Dev | F3: 0 | G3: 0 | H3: 1 | I3: 0 | J3: 0 | K3: 0 | L3: 0 | M3: 0 | N3: 0 | O3: 0 | P3: 0 | Q3: 1 | R3: 1
A4: KPT Adarsh Kp | B4: Val | D4: KPT Adarsh Kp | E4: =VLOOKUP(D4,A:B,2,0) -> Val | F4: 2 | G4: 0 | H4: 0 | I4: 0 | J4: 0 | K4: 0 | L4: 0 | M4: 0 | N4: 0 | O4: 0 | P4: 2 | Q4: 4 | R4: 4
A5: KPT Amir Mulla2 | B5: Dev | D5: KPT Affan Ather | E5: =VLOOKUP(D5,A:B,2,0) -> Dev | F5: 0 | G5: 0 | H5: 0 | I5: 0 | J5: 0 | K5: 0 | L5: 1 | M5: 1 | N5: 0 | O5: 0 | P5: 0 | Q5: 2 | R5: 2
A6: KPT Aniket Chaudhari | B6: Val | D6: KPT Ajinkya Khanwilkar | E6: =VLOOKUP(D6,A:B,2,0) -> Dev | F6: 0 | G6: 0 | H6: 0 | I6: 0 | J6: 0 | K6: 0 | L6: 0 | M6: 0 | N6: 1 | O6: 0 | P6: 0 | Q6: 1 | R6: 1
A7: KPT Apurva Thombare | B7: Val | D7: KPT Akhilesh B S | E7: =VLOOKUP(D7,A:B,2,0) -> Dev | F7: 0 | G7: 0 | H7: 1 | I7: 0 | J7: 0 | K7: 0 | L7: 0 | M7: 0 | N7: 0 | O7: 0 | P7: 0 | Q7: 1 | R7: 1
A8: KPT Arpitha S | B8: Val | D8: KPT Amit Dixit | E8: =VLOOKUP(D8,A:B,2,0) -> Dev | F8: 0 | G8: 3 | H8: 1 | I8: 0 | J8: 0 | K8: 0 | L8: 0 | M8: 1 | N8: 2 | O8: 0 | P8: 0 | Q8: 7 | R8: 7
A9: KPT Arpit Nayak | B9: Val | D9: KPT Amrit Raj | E9: =VLOOKUP(D9,A:B,2,0) -> Val | F9: 2 | G9: 0 | H9: 0 | I9: 0 | J9: 0 | K9: 0 | L9: 0 | M9: 0 | N9: 0 | O9: 0 | P9: 0 | Q9: 2 | R9: 2
A10: KPT Ashish Kadam | B10: Dev | D10: KPT Aniket Chaudhari | E10: =VLOOKUP(D10,A:B,2,0) -> Val | F10: 4 | G10: 0 | H10: 0 | I10: 0 | J10: 0 | K10: 0 | L10: 0 | M10: 0 | N10: 0 | O10: 0 | P10: 1 | Q10: 5 | R10: 5
A11: KPT Ashwini Karale | B11: Val | D11: KPT Apurva Thombare | E11: =VLOOKUP(D11,A:B,2,0) -> Val | F11: 1 | G11: 0 | H11: 0 | I11: 0 | J11: 0 | K11: 0 | L11: 0 | M11: 0 | N11: 0 | O11: 0 | P11: 0 | Q11: 1 | R11: 1
A12: KPT Ayush Mishra | B12: Val | D12: KPT Arpitha S | E12: =VLOOKUP(D12,A:B,2,0) -> Val | F12: 4 | G12: 0 | H12: 0 | I12: 0 | J12: 0 | K12: 0 | L12: 0 | M12: 0 | N12: 0 | O12: 0 | P12: 2 | Q12: 6 | R12: 6
A13: KPT Ayush Singh | B13: Val | D13: KPT Arpit Nayak | E13: =VLOOKUP(D13,A:B,2,0) -> Val | F13: 0 | G13: 0 | H13: 0 | I13: 0 | J13: 0 | K13: 0 | L13: 0 | M13: 0 | N13: 0 | O13: 0 | P13: 3 | Q13: 3 | R13: 3
... A52: KPT Ajinkya Khanwilkar | B52: Dev | D52: KPT Sunita Khilare | E52: =VLOOKUP(D52,A:B,2,0) -> Dev | F52: 0 | G52: 23 | H52: 0 | I52: 0 | J52: 2 | K52: 0 | L52: 0 | M52: 1 | N52: 0 | O52: 0 | P52: 0 | Q52: 26 | R52: 178
A53: KPT Amit Dixit | B53: Dev | D53: KPT Suraj Shimpi | E53: =VLOOKUP(D53,A:B,2,0) -> Dev | F53: 0 | G53: 0 | H53: 2 | I53: 0 | J53: 0 | K53: 0 | L53: 0 | M53: 0 | N53: 0 | O53: 0 | P53: 0 | Q53: 2
A54: KPT Ashish Wadatkar | B54: Dev | D54: KPT Vishal Sakore | E54: =VLOOKUP(D54,A:B,2,0) -> Dev | F54: 0 | G54: 0 | H54: 1 | I54: 0 | J54: 0 | K54: 0 | L54: 0 | M54: 0 | N54: 0 | O54: 0 | P54: 0 | Q54: 1
A55: KPT Ashok R | B55: Dev | D55: KPT Yashpal M | E55: =VLOOKUP(D55,A:B,2,0) -> Dev | F55: 0 | G55: 0 | H55: 0 | I55: 0 | J55: 0 | K55: 0 | L55: 1 | M55: 0 | N55: 0 | O55: 0 | P55: 0 | Q55: 1
A56: KPT Chirag Gandhi | B56: Dev | D56: KPT Yogeshwari Saratkar | E56: =VLOOKUP(D56,A:B,2,0) -> Val | F56: 0 | G56: 0 | H56: 0 | I56: 0 | J56: 0 | K56: 0 | L56: 0 | M56: 0 | N56: 0 | O56: 0 | P56: 1 | Q56: 1
A57: KPT Gaurav Dhande | B57: Dev | D57: Total Unique Issues: | F57: 41 | G57: 34 | H57: 23 | I57: 2 | J57: 10 | K57: 5 | L57: 10 | M57: 9 | N57: 4 | O57: 5 | P57: 35 | Q57: 178
A58: KPT Gayatri Rokade | B58: Dev
A59: KPT Janhavee Shrungare | B59: Dev
A60: KPT Jithu Sidhardhan | B60: Dev
A61: KPT Juhi Ahire | B61: Dev
A62: KPT Onkar More | B62: Dev
A63: KPT Pavan Katta | B63: Dev
A64: KPT Piyush Kumar | B64: Val
A65: KPT Prasad Nalawade | B65: Dev
A66: KPT Pratik Chawke | B66: Dev
A67: KPT Rahul Pisal | B67: Dev
A68: KPT Rajesh Av | B68: Dev
A69: KPT Renuka M | B69: Dev
... A144: KPT Yashpal M | B144: Dev

Sheet WSR Graph A1214
C2: S.No | D2: Parameter | E2: CW10 | F2: CW11 | G2: CW12
C3: 1 | D3: Cumulative JIRA defect Raised | E3: 324 | F3: 324 | G3: 324
C4: 2 | D4: Closed Defects | E4: 121 | F4: 122 | G4: 124
C5: 3 | D5: Open Defects | E5: =E3-E4 -> 203 | F5: =F3-F4 -> 202 | G5: =G3-G4 -> 200
C6: 3.1 | D6: Open JIRA defect with Dev Team | E6: =E5-SUM(E7:E8) -> 199 | F6: =F5-SUM(F7:F8) -> 198 | G6: =G5-SUM(G7:G8) -> 194
C7: 3.2 | D7: Open JIRA defect with Val Team | E7: 1 | F7: 2 | G7: 2 | Q7: 26
C8: 3.3 | D8: Open JIRA defect with Honda Team | E8: 3 | F8: 2 | G8: 4
C11: S.No | D11: Parameter | E11: CW10 | F11: CW11 | G11: CW12
C12: 1 | D12: Cumulative JIRA defect Raised | E12: 66 | F12: 66 | G12: 66
C13: 2 | D13: Closed Defects | E13: 0 | F13: 0 | G13: 0
C14: 3 | D14: Open Defects | E14: =E12-E13 -> 66 | F14: =F12-F13 -> 66 | G14: =G12-G13 -> 66
C15: 3.1 | D15: Open JIRA defect with Dev Team | E15: =E14-SUM(E16:E17) -> 66 | F15: =F14-SUM(F16:F17) -> 66 | G15: =G14-SUM(G16:G17) -> 62
C16: 3.2 | D16: Open JIRA defect with Val Team | E16: 0 | F16: 0 | G16: 4
C17: 3.3 | D17: Open JIRA defect with Honda Team | E17: 0 | F17: 0 | G17: 0
D21: LRT OSV A12+A14 Overall Defect Status - Tabby_Jira
D22: LRT OSV A14-12VF-SU2-1 R7408 Defect Status - Tabby_Jira

Sheet WSR Graph A1314
D1: Overall
C2: S.No | D2: Parameter | E2: CW10 | F2: CW11 | G2: CW12
A3: 235 | C3: 1 | D3: Cumulative JIRA defect Raised | E3: 525 | F3: 550 | G3: 564
A4: 145 | C4: 2 | D4: Closed Defects | E4: 222 | F4: 224 | G4: 234
C5: 3 | D5: Open Defects | E5: =E3-E4 -> 303 | F5: =F3-F4 -> 326 | G5: =G3-G4 -> 330
C6: 3.1 | D6: Open JIRA defect with Dev Team | E6: =E5-SUM(E7:E8) -> 287 | F6: =F5-SUM(F7:F8) -> 317 | G6: =G5-SUM(G7:G8) -> 319
C7: 3.2 | D7: Open JIRA defect with Val Team | E7: 11 | F7: 4 | G7: 8
C8: 3.3 | D8: Open JIRA defect with Honda Team | E8: 5 | F8: 5 | G8: 3
D10: R7418
C11: S.No | D11: Parameter | E11: CW10 | F11: CW11 | G11: CW12
C12: 1 | D12: Cumulative JIRA defect Raised | E12: 0 | F12: 0 | G12: 0
C13: 2 | D13: Closed Defects | E13: 0 | F13: 0 | G13: 0
C14: 3 | D14: Open Defects | E14: =E12-E13 -> 0 | F14: =F12-F13 -> 0 | G14: =G12-G13 -> 0
C15: 3.1 | D15: Open JIRA defect with Dev Team | E15: =E14-SUM(E16:E17) -> 0 | F15: =F14-SUM(F16:F17) -> 0 | G15: =G14-SUM(G16:G17) -> 0
C16: 3.2 | D16: Open JIRA defect with Val Team | E16: 0 | F16: 0 | G16: 0
C17: 3.3 | D17: Open JIRA defect with Honda Team | E17: 0 | F17: 0 | G17: 0
D40: 11 | E40: 6 | F40: 31 | G40: 22 | H40: 0 | I40: 0 | J40: 0 | K40: 0 | L40: 0 | M40: 0 | N40: 6 | O40: 16 | P40: 17 | Q40: 4 | R40: 10 | S40: 52 | T40: 38 | U40: 2 | V40: 19 | W40: 36 | X40: 21

Sheet WSR Graph A1415
C1: Overall
B2: S.No | C2: Parameter | D2: CW10 | E2: CW11 | F2: CW12
B3: 1 | C3: Cumulative JIRA defect Raised | D3: 137 | E3: 137 | F3: 175
B4: 2 | C4: Closed Defects | D4: 25 | E4: 33 | F4: 36
B5: 3 | C5: Open Defects | D5: =D3-D4 -> 112 | E5: =E3-E4 -> 104 | F5: =F3-F4 -> 139
B6: 3.1 | C6: Open JIRA defect with Dev Team | D6: =D5-SUM(D7:D8) -> 101 | E6: =E5-SUM(E7:E8) -> 98 | F6: =F5-SUM(F7:F8) -> 131
B7: 3.2 | C7: Open JIRA defect with Val Team | D7: 9 | E7: 6 | F7: 5
B8: 3.3 | C8: Open JIRA defect with Honda Team | D8: 2 | E8: 0 | F8: 3
C10: R1503
B11: S.No | C11: Parameter | D11: CW10 | E11: CW11 | F11: CW12
B12: 1 | C12: Cumulative JIRA defect Raised | D12: 0 | E12: 0 | F12: 38
B13: 2 | C13: Closed Defects | D13: 0 | E13: 0 | F13: 0
B14: 3 | C14: Open Defects | D14: =D12-D13 -> 0 | E14: =E12-E13 -> 0 | F14: =F12-F13 -> 38
B15: 3.1 | C15: Open JIRA defect with Dev Team | D15: =D14-SUM(D16:D17) -> 0 | E15: =E14-SUM(E16:E17) -> 0 | F15: =F14-SUM(F16:F17) -> 38
B16: 3.2 | C16: Open JIRA defect with Val Team | D16: 0 | E16: 0 | F16: 0
B17: 3.3 | C17: Open JIRA defect with Honda Team | D17: 0 | E17: 0 | F17: 0
C40: 11 | D40: 6 | E40: 31 | F40: 22 | G40: 0 | H40: 0 | I40: 0 | J40: 0 | K40: 0 | L40: 0 | M40: 6 | N40: 16 | O40: 17 | P40: 4 | Q40: 10 | R40: 52 | S40: 38 | T40: 2 | U40: 19 | V40: 36 | W40: 21

Sheet PGM Review
B1: LRT OSV
B2: Execution Iteration | D2: Test Cases Executed | K2: %
A3: Iteration | B3: Iteration | C3: Month | D3: Total TC | E3: Manual | H3: Automation | K3: Manual
E4: L3 | F4: L4 | G4: Manual Total | H4: L3 | I4: L4 | J4: Automation Total | K4: Manual %
A5: R4101 | B5: R4101 A13+A14 OSV | C5: 45734 | D5: 490 | E5: 221 | F5: =G5-E5 -> 269 | G5: 490 | H5: 0 | I5: =J5-H5 -> 0 | J5: =D5-G5 -> 0 | K5: =G5/D5 -> 1
A6: R7301 | B6: R7301 A12+A14 OSV | C6: 45742 | D6: 490 | E6: 221 | F6: =G6-E6 -> 269 | G6: 490 | H6: 0 | I6: =J6-H6 -> 0 | J6: =D6-G6 -> 0 | K6: =G6/D6 -> 1
A7: R4101 | B7: R4101 A13+A14 OSV | C7: 45765 | D7: 12736 | E7: 6720 | F7: =G7-E7 -> 6016 | G7: 12736 | H7: 0 | I7: =J7-H7 -> 0 | J7: =D7-G7 -> 0 | K7: =G7/D7 -> 1
A8: R7401 | B8: R7401 A12+A14 OSV | C8: 45790 | D8: 12000 | E8: 6399 | F8: =G8-E8 -> 5601 | G8: 12000 | H8: 0 | I8: =J8-H8 -> 0 | J8: =D8-G8 -> 0 | K8: =G8/D8 -> 1
A9: R7402 | B9: R7402 A12+A14 OSV | C9: 45814 | D9: 4022 | E9: 2399 | F9: =G9-E9 -> 1623 | G9: 4022 | H9: 0 | I9: =J9-H9 -> 0 | J9: =D9-G9 -> 0 | K9: =G9/D9 -> 1
A10: R7411 | B10: R7411 A13+A14 OSV | C10: 45833 | D10: 14002 | E10: 6408 | F10: =G10-E10 -> 4382 | G10: 10790 | H10: 1832 | I10: =J10-H10 -> 1380 | J10: =D10-G10 -> 3212 | K10: =G10/D10 -> 0.7706042
A11: R7403 | B11: R7403 A12+A14 OSV | C11: 45840 | D11: 4020 | E11: 2397 | F11: =G11-E11 -> 1623 | G11: 4020 | H11: 0 | I11: =J11-H11 -> 0 | J11: =D11-G11 -> 0 | K11: =G11/D11 -> 1
A12: R7412 | B12: R7412 A13+ A14 OSV | C12: 45863 | D12: 14002 | E12: 6028 | F12: =G12-E12 -> 4474 | G12: 10502 | H12: 2388 | I12: =J12-H12 -> 1112 | J12: =D12-G12 -> 3500 | K12: =G12/D12 -> 0.75003571
A13: R7404 | B13: R7404 A12+ A14 OSV | C13: 45868 | D13: 5616 | E13: 2396 | F13: =G13-E13 -> 1620 | G13: 4016 | H13: 918 | I13: =J13-H13 -> 682 | J13: =D13-G13 -> 1600 | K13: =G13/D13 -> 0.71509972
A14: R7413 | B14: R7413 A13+ A14 OSV | C14: 45890 | D14: 14002 | E14: 5631 | F14: =G14-E14 -> 3847 | G14: 9478 | H14: 2785 | I14: =J14-H14 -> 1739 | J14: =D14-G14 -> 4524 | K14: =G14/D14 -> 0.6769033
A15: R7405 | B15: R7405 A12+ A14 OSV | C15: 45919 | D15: 6016 | E15: 2377 | F15: =G15-E15 -> 1639 | G15: 4016 | H15: 1135 | I15: =J15-H15 -> 865 | J15: =D15-G15 -> 2000 | K15: =G15/D15 -> 0.66755319
B16: Total | D16: =SUM(D5:D15) -> 87396 | E16: =SUM(E5:E15) -> 41197 | F16: =SUM(F5:F15) -> 31363 | G16: =SUM(G5:G15) -> 72560 | H16: =SUM(H5:H15) -> 9058 | I16: =SUM(I5:I15) -> 5778 | J16: =SUM(J5:J15) -> 14836

Sheet PV Analysis
A1: Project name | B1: (Multiple Items) | D1: link
A2: Issue Type | B2: (Multiple Items)
A4: Count of Created | B4: Column Labels
B5: <3/13/2023 | C5: 2023 | D5: 2024 | E5: 2025 | F5: 2026 | G5: Grand Total | P5: During OSV
O6: All | P6: April 2025 till Feb2026
U7: A13 | X7: OSV | AA7: OSV
A8: Row Labels | N8: Name | P8: FY2025-26 | R8: PJ02_DEF_01 | S8: Defect Count | U8: PJ03_DEF_00 | V8: Defect Count | X8: PJ04_DEF_00 | Y8: Defect Count | AA8: PJ05_DEF_00 | AB8: Defect Count
A9: kpt_chaudhari_an | E9: 39 | F9: 20 | G9: 59 | N9: kpt_chaudhari_an | O9: 59 | P9: 59 | R9: kpt_tehra_ma | S9: 1 | U9: kpt_reddy_ke | V9: 25 | X9: kpt_lucky_md | Y9: 87 | AA9: kpt_patil_di | AB9: 14
A10: kpt_gahile_pr | E10: 42 | F10: 11 | G10: 53 | N10: kpt_gahile_pr | O10: 53 | P10: 53 | R10: kpt_thombare_ap | S10: 1 | U10: kpt_rane_sh | V10: 20 | X10: kpt_mishra_ay | Y10: 70 | AA10: kpt_gahile_pr | AB10: 8
A11: kpt_gaikwad_pr | D11: 5 | E11: 48 | F11: 13 | G11: 66 | N11: kpt_gaikwad_pr | O11: 66 | P11: 61 | U11: kpt_patil_di | V11: 19 | X11: kpt_patil_di | Y11: 62 | AA11: kpt_lucky_md | AB11: 8
A12: kpt_gunjal_ji | C12: 1 | D12: 5 | E12: 26 | F12: 7 | G12: 39 | N12: kpt_gunjal_ji | O12: 39 | P12: 32 | U12: kpt_nayak_ar | V12: 9 | X12: kpt_gaikwad_pr | Y12: 55 | AA12: kpt_mishra_ay | AB12: 7
A13: kpt_kumar_pi | D13: 1 | E13: 27 | F13: 2 | G13: 30 | N13: kpt_kumar_pi | O13: 30 | P13: 28 | U13: kpt_tehra_ma | V13: 9 | X13: kpt_tehra_ma | Y13: 54 | AA13: kpt_chaudhari_an | AB13: 6
A14: kpt_lucky_md | D14: 1 | E14: 80 | F14: 19 | G14: 100 | N14: kpt_lucky_md | O14: 100 | P14: 95 | U14: kpt_gunjal_ji | V14: 7 | X14: kpt_chaudhari_an | Y14: 53 | AA14: kpt_gaikwad_pr | AB14: 6
A15: kpt_mishra_ay | D15: 2 | E15: 62 | F15: 17 | G15: 81 | N15: kpt_mishra_ay | O15: 81 | P15: 77 | U15: kpt_kumar_pi | V15: 6 | X15: kpt_gahile_pr | Y15: 45 | AA15: kpt_tehra_ma | AB15: 5
A16: kpt_nayak_ar | D16: 1 | E16: 31 | F16: 3 | G16: 35 | N16: kpt_nayak_ar | O16: 35 | P16: 31 | U16: kpt_gaikwad_pr | V16: 5 | X16: kpt_rane_sh | Y16: 35 | AA16: kpt_gunjal_ji | AB16: 4
A17: kpt_patil_di | C17: 3 | D17: 10 | E17: 49 | F17: 33 | G17: 95 | N17: kpt_patil_di | O17: 95 | P17: 82 | U17: kpt_lucky_md | V17: 5 | X17: kpt_walke_sh | Y17: 33 | AA17: kpt_nayak_ar | AB17: 4
A18: kpt_raj_am | E18: 9 | F18: 15 | G18: 24 | N18: kpt_raj_am | O18: 24 | P18: 24 | U18: kpt_mishra_ay | V18: 4 | X18: kpt_thombare_ap | Y18: 30 | AA18: kpt_reddy_ke | AB18: 4
A19: kpt_rajmane_go | E19: 8 | F19: 12 | G19: 20 | N19: kpt_rajmane_go | O19: 20 | P19: 20 | U19: kpt_reddimalla_pr | V19: 4 | X19: kpt_gunjal_ji | Y19: 28 | AA19: kpt_walke_sh | AB19: 4
A20: kpt_rane_sh | D20: 4 | E20: 50 | F20: 4 | G20: 58 | N20: kpt_rane_sh | O20: 58 | P20: 48 | U20: kpt_thombare_ap | V20: 4 | X20: kpt_reddy_ke | Y20: 27 | AA20: kpt_kumar_pi | AB20: 3
A21: kpt_reddimalla_pr | D21: 1 | E21: 24 | F21: 5 | G21: 30 | N21: kpt_reddimalla_pr | O21: 30 | P21: 28 | U21: kpt_walke_sh | V21: 3 | X21: kpt_reddimalla_pr | Y21: 24 | AA21: kpt_rane_sh | AB21: 3
A22: kpt_reddy_ke | C22: 3 | D22: 7 | E22: 40 | F22: 6 | G22: 56 | N22: kpt_reddy_ke | O22: 56 | P22: 44 | X22: kpt_nayak_ar | Y22: 22 | AA22: kpt_raj_am | AB22: 2
A23: kpt_tehra_ma | C23: 3 | D23: 5 | E23: 50 | F23: 11 | G23: 69 | N23: kpt_tehra_ma | O23: 69 | P23: 59 | X23: kpt_raj_am | Y23: 22 | AA23: kpt_reddimalla_pr | AB23: 2
A24: kpt_thombare_ap | C24: 1 | D24: 5 | E24: 25 | F24: 6 | G24: 37 | N24: kpt_thombare_ap | O24: 37 | P24: 31 | X24: kpt_kumar_pi | Y24: 21 | AA24: kpt_thombare_ap | AB24: 2
A25: kpt_walke_sh | C25: 1 | D25: 2 | E25: 29 | F25: 8 | G25: 40 | N25: kpt_walke_sh | O25: 40 | P25: 37 | X25: kpt_rajmane_go | Y25: 20
A26: (blank)
A27: Grand Total | C27: 12 | D27: 49 | E27: 639 | F27: 192 | G27: 892
R28: During OSV
R29: April 2025 till Feb2026 | U29: NEW Defects | X29: Replica
N30: Name | O30: All KPIT till Feb26 | Q30: Name | R30: FY2025-26 | T30: Name | U30: FY2025-26 | W30: Name | X30: FY2025-26
N31: kpt_lucky_md | O31: 100 | Q31: kpt_lucky_md | R31: 95
N32: kpt_patil_di | O32: 95 | P32: Onsite | Q32: kpt_patil_di | R32: 82 | S32: Onsite
N33: kpt_mishra_ay | O33: 81 | Q33: kpt_mishra_ay | R33: 77
N34: kpt_tehra_ma | O34: 69 | Q34: kpt_gaikwad_pr | R34: 61
N35: kpt_gaikwad_pr | O35: 66 | Q35: kpt_tehra_ma | R35: 59
N36: kpt_chaudhari_an | O36: 59 | Q36: kpt_chaudhari_an | R36: 59
N37: kpt_rane_sh | O37: 58 | P37: Defects Team | Q37: kpt_gahile_pr | R37: 53
N38: kpt_reddy_ke | O38: 56 | P38: Defects Team | Q38: kpt_rane_sh | R38: 48 | S38: Defects Team
N39: kpt_gahile_pr | O39: 53 | Q39: kpt_reddy_ke | R39: 44 | S39: Defects Team
N40: kpt_walke_sh | O40: 40 | Q40: kpt_walke_sh | R40: 37
N41: kpt_gunjal_ji | O41: 39 | Q41: kpt_gunjal_ji | R41: 32
N42: kpt_thombare_ap | O42: 37 | Q42: kpt_nayak_ar | R42: 31 | S42: Defects Team
N43: kpt_nayak_ar | O43: 35 | P43: Defects Team | Q43: kpt_thombare_ap | R43: 31
N44: kpt_kumar_pi | O44: 30 | P44: Defects Team | Q44: kpt_kumar_pi | R44: 28 | S44: Defects Team
N45: kpt_reddimalla_pr | O45: 30 | Q45: kpt_reddimalla_pr | R45: 28
N46: kpt_raj_am | O46: 24 | P46: Freshers | Q46: kpt_raj_am | R46: 24 | S46: Freshers
N47: kpt_rajmane_go | O47: 20 | P47: Freshers | Q47: kpt_rajmane_go | R47: 20 | S47: Freshers

Sheet A-S Rank
A1: Custom field (Defect Rank) | B1: (Multiple Items)
A3: Count of Created | B3: Column Labels
B4: 2023 | C4: 2024 | D4: 2025 | E4: 2026 | F4: Grand Total
A7: Row Labels
A8: kpt_chaudhari_an | D8: 7 | E8: 1 | F8: 8
A9: kpt_gahile_pr | D9: 7 | E9: 2 | F9: 9
A10: kpt_gaikwad_pr | C10: 1 | D10: 6 | E10: 2 | F10: 9
A11: kpt_gunjal_ji | B11: 1 | C11: 1 | D11: 5 | F11: 7
A12: kpt_kumar_pi | D12: 2 | F12: 2 | G12: Defects Verification
A13: kpt_lucky_md | D13: 9 | E13: 1 | F13: 10 | G13: ***
A14: kpt_mishra_ay | C14: 1 | D14: 11 | E14: 2 | F14: 14 | G14: * *
A15: kpt_nayak_ar | D15: 2 | F15: 2 | G15: Defects Verification
A16: kpt_patil_di | C16: 3 | D16: 5 | E16: 5 | F16: 13
A17: kpt_raj_am | D17: 1 | E17: 2 | F17: 3
A18: kpt_rajmane_go | E18: 2 | F18: 2
A19: kpt_rane_sh | C19: 1 | D19: 5 | E19: 1 | F19: 7 | G19: Defects Verification
A20: kpt_reddimalla_pr | D20: 6 | E20: 1 | F20: 7
A21: kpt_reddy_ke | D21: 1 | F21: 1 | G21: Defects Verification
A22: kpt_tehra_ma | D22: 24 | E22: 4 | F22: 28 | G22: *
A23: kpt_thombare_ap | C23: 5 | D23: 3 | E23: 1 | F23: 9
A24: Grand Total | B24: 1 | C24: 12 | D24: 94 | E24: 24 | F24: 131

Sheet Sheet2
A1: Tester | B1: Total | C1: Not Executed | D1: In Progress | E1: Pass | F1: Fail | G1: Blocked | H1: In Review | I1: Completed | J1: Remaining | K1: Progress | L1: Estimated | M1: Actual | N1: Remaining | O1: Variation | P1: Open | Q1: Closed | R1: Total
A2: KPT Dinesh Patil | B2: 403 | C2: 0% (0) | D2: 0% (0) | E2: 100% (403) | F2: 0% (0) | G2: 0% (0) | H2: 0% (0) | I2: 403 | J2: 0 | K2: 1 | L2: 0 | M2: 1.3673611 | N2: 0 | O2: - | P2: 0 | Q2: 0 | R2: 0
A3: KPT Prachi Gahile | B3: 1866 | C3: 0% (0) | D3: 0% (0) | E3: 96.89% (1808) | F3: 3.11% (58) | G3: 0% (0) | H3: 0% (0) | I3: 1866 | J3: 0 | K3: 1 | L3: 0 | M3: 7.8354167 | N3: 0 | O3: - | P3: 1 | Q3: 3 | R3: 4
A4: KPT Mansi Tehra | B4: 2505 | C4: 0% (0) | D4: 0% (0) | E4: 98.04% (2456) | F4: 1.96% (49) | G4: 0% (0) | H4: 0% (0) | I4: 2505 | J4: 0 | K4: 1 | L4: 0 | M4: 8.1451389 | N4: 0 | O4: - | P4: 5 | Q4: 5 | R4: 10
A5: KPT Apurva Thombare | B5: 1365 | C5: 0% (0) | D5: 0% (0) | E5: 98.61% (1346) | F5: 1.39% (19) | G5: 0% (0) | H5: 0% (0) | I5: 1365 | J5: 0 | K5: 1 | L5: 0 | M5: 6.2833333 | N5: 0 | O5: - | P5: 1 | Q5: 3 | R5: 4
A6: KPT Shalaka Walke | B6: 2655 | C6: 0% (0) | D6: 0% (0) | E6: 96.87% (2572) | F6: 3.13% (83) | G6: 0% (0) | H6: 0% (0) | I6: 2655 | J6: 0 | K6: 1 | L6: 0 | M6: 12.179861 | N6: 0 | O6: - | P6: 0 | Q6: 4 | R6: 4
A7: KPT Ayush Mishra | B7: 2803 | C7: 0% (0) | D7: 0% (0) | E7: 99.46% (2788) | F7: 0.54% (15) | G7: 0% (0) | H7: 0% (0) | I7: 2803 | J7: 0 | K7: 1 | L7: 0 | M7: 9.4041667 | N7: 0 | O7: - | P7: 3 | Q7: 6 | R7: 9
A8: Total | B8: 11597 | C8: 0% (0) | D8: 0% (0) | E8: 98.07% (11373) | F8: 1.93% (224) | G8: 0% (0) | H8: 0% (0) | I8: 11597 | J8: 0 | K8: 1 | L8: 0 | M8: 45.216667 | N8: 0 | O8: - | P8: 10 | Q8: 21 | R8: 31

Sheet T1T2 OSV Defects Total (Tabby_J
A1: Issue Type | B1: Issue key | C1: Issue id | D1: Summary | E1: Assignee | F1: Reporter | G1: Status | H1: Created | I1: Custom field (Defect Rank) | J1: Custom field (Test Process Classification) | K1: Custom field (Management Labels) | L1: Custom field (Management Labels) | M1: Custom field (Management Labels) | N1: Custom field (Management Labels) | O1: Custom field (Management Labels) | P1: Custom field (Management Labels) | Q1: Custom field (Management Labels) | R1: Custom field (Management Labels) | S1: Custom field (Management Labels) | T1: Custom field (Management Labels) | U1: Custom field (Management Labels) | V1: Custom field (Management Labels) | W1: Custom field (Management Labels) | X1: Custom field (Management Labels) | Y1: Custom field (Management Labels) | Z1: Custom field (Management Labels) | AA1: Custom field (Management Labels) | AB1: Custom field (Management Labels) | AC1: Custom field (Management Labels) | AD1: Custom field (Management Labels) | AE1: Custom field (Management Labels) | AF1: Project key | AG1: Project name | AH1: Project type | AI1: Project lead | AJ1: Project description | AK1: Project url
A2: Defect | B2: PJ05DEF00-614 | C2: 678245 | D2: ã€PJ04DEF00-7796 horizontallyã€‘[PRM] Black screen displayed followed by ICB reboot when user switching is performed from User 1 -> Owner (HPA) from lock screen after repeated User switch 3 times | E2: kpt_tehra_ma | F2: kpt_tehra_ma | G2: CLOSED | H2: 46043.409 | I2: S | J2: Migration Ticket Only | K2: 2026_Sprint2_Planned | L2: 3BMA | M2: A13_A14_OSV | N2: A14_OSV | O2: A14OSV_INFLOW_2026_WK3 | P2: A15OSV_OUTFLOW_2026_WK8 | Q2: DVT_InScope | R2: KPIT_2026_WK08_Out | S2: PJ04DEF00æ¨ªå±• | T2: R7416_LRT | AF2: PJ05DEF00 | AG2: PJ05_DEF_00 | AH2: software | AI2: hm_izaki_ki | AJ2: 23PF A15é–‹ç™ºå‘ã‘ä¸å…·åˆç®¡ç†_x000D_ 23PF Defect management for A15 development_x000D_
A3: Defect | B3: PJ05DEF00-323 | C3: 631692 | D3: [SPCCP] CarPlay projection screen launched in Normal view when the smartphone projection view is set to "Wide" while launching CarPlay from Manage Device Connections screen | E3: kpt_gandhi_ch | F3: kpt_kumar_pi | G3: Waiting | H3: 45968.703 | I3: B | J3: OBU for OSV -> Out-of-Test Case Detection | K3: A14_A15_OSV | L3: A15_OSV | M3: A15_OSV_OBU_Defect_Triaged | N3: A15_OSV_OBU_Defect_Triaged_Fix_Required | O3: A15OSV_INFLOW_2025_WK45 | P3: KPIT_Export | Q3: OBU_to_DEV_Handover_Complete | R3: R1591_LRT | S3: T90X | AF3: PJ05DEF00 | AG3: PJ05_DEF_00 | AH3: software | AI3: hm_izaki_ki | AJ3: 23PF A15é–‹ç™ºå‘ã‘ä¸å…·åˆç®¡ç†_x000D_ 23PF Defect management for A15 development_x000D_
A4: Defect | B4: PJ05DEF00-322 | C4: 631889 | D4: [System UI] Security screen is displayed instead of FM screen when back button is pressed after owner is logged in with valid password | E4: kpt_khilare_su | F4: kpt_chaudhari_an | G4: IN INTEGRATION REVIEW | H4: 45968.683 | I4: B | J4: OBU for OSV -> Out-of-Test Case Detection | K4: A14_A15_OSV | L4: A15_OSV | M4: A15_OSV_OBU_Defect_Triaged_Rebase_required | N4: A15OSV_INFLOW_2025_WK46 | O4: A15OSV_OUTFLOW_2026_WK8 | P4: DVT_InScope | Q4: KPIT_2026_WK08_Out | R4: KPIT_Export | S4: OBU_to_DEV_Handover_Complete | T4: R1591_LRT | U4: T90X | AF4: PJ05DEF00 | AG4: PJ05_DEF_00 | AH4: software | AI4: hm_izaki_ki | AJ4: 23PF A15é–‹ç™ºå‘ã‘ä¸å…·åˆç®¡ç†_x000D_ 23PF Defect management for A15 development_x000D_
A5: Defect | B5: PJ05DEF00-321 | C5: 631686 | D5: [SUW] Google "SUW Reopen Notification" disappears from the notification list screen even when Profile Setup isn't completed | E5: kpt_hv_na | F5: kpt_rane_sh | G5: Waiting | H5: 45968.677 | I5: B | J5: LRT -> Out-of-Test Case Detection | K5: A14_A15_OSV | L5: A15_OSV | M5: A15OSV_INFLOW_2025_WK45 | N5: OBU_to_DEV_Handover_Complete | O5: R1591_LRT | P5: T90X | AF5: PJ05DEF00 | AG5: PJ05_DEF_00 | AH5: software | AI5: hm_izaki_ki | AJ5: 23PF A15é–‹ç™ºå‘ã‘ä¸å…·åˆç®¡ç†_x000D_ 23PF Defect management for A15 development_x000D_
A6: Defect | B6: PJ05DEF00-320 | C6: 631784 | D6: [System UI] Black screen is displayed for a moment on Notification list screen and then system returns to Home screen with B-zone blank | E6: kpt_tehra_ma | F6: kpt_tehra_ma | G6: IN INVESTIGATING | H6: 45968.612 | I6: B | J6: OBU for OSV -> Out-of-Test Case Detection | K6: A14_A15_OSV | L6: A15_OSV | M6: A15OSV_INFLOW_2025_WK46 | N6: R1591_LRT | O6: T90X | AF6: PJ05DEF00 | AG6: PJ05_DEF_00 | AH6: software | AI6: hm_izaki_ki | AJ6: 23PF A15é–‹ç™ºå‘ã‘ä¸å…·åˆç®¡ç†_x000D_ 23PF Defect management for A15 development_x000D_
A7: Defect | B7: PJ05DEF00-319 | C7: 631617 | D7: [KEY] USB "Search" screen is displayed when Gaia Assistant session is timeout while "Search" screen is active | E7: kpt_dixit_am | F7: kpt_gunjal_ji | G7: [IN WORK]APPLY FOR CLOSE | H7: 45968.557 | I7: C | J7: OBU for OSV -> LRT | K7: A14_A15_OSV | L7: A15_OSV | M7: A15OSV_INFLOW_2025_WK46 | N7: A15OSV_OUTFLOW_2025_WK47 | O7: DVT_OutOfScope | P7: KPIT_1501_s34_Pre1_Planned | Q7: KPIT_1502_s34_Pre1_Planned | R7: KPIT_Export | S7: KPIT_WK47_Out | T7: R1591_LRT | U7: T90X | AF7: PJ05DEF00 | AG7: PJ05_DEF_00 | AH7: software | AI7: hm_izaki_ki | AJ7: 23PF A15é–‹ç™ºå‘ã‘ä¸å…·åˆç®¡ç†_x000D_ 23PF Defect management for A15 development_x000D_
A8: Defect | B8: PJ05DEF00-315 | C8: 631123 | D8: [SPCCP] User Confirmation popup to enable Wi-Fi AP is not displayed after selecting "Yes" on Apple CarPlay Disclaimer popup while Wi-Fi is set to OFF | E8: kpt_chaudhari_an | F8: kpt_chaudhari_an | G8: CLOSED | H8: 45967.853 | I8: A | J8: OBU for OSV -> LRT | K8: A14_A15_OSV | L8: A15_OSV | M8: A15OSV_INFLOW_2025_WK45 | N8: A15OSV_OUTFLOW_2025_WK46 | O8: DVT_OutOfScope | P8: KPIT_1501_s34_Pre1_Planned | Q8: KPIT_Export | R8: KPIT_WK46_Out | S8: OBU_to_DEV_Handover_Complete | T8: R1591_LRT | U8: T90X | AF8: PJ05DEF00 | AG8: PJ05_DEF_00 | AH8: software | AI8: hm_izaki_ki | AJ8: 23PF A15é–‹ç™ºå‘ã‘ä¸å…·åˆç®¡ç†_x000D_ 23PF Defect management for A15 development_x000D_
A9: Defect | B9: PJ05DEF00-314 | C9: 631122 | D9: [Personal Setting] Personal setting "Speed Limit Warning Threshold Setting" value for ADAS function is reflected as "Speed Limit +5km/h" instead of "Speed Limit" when tap on Vehicle settings notification is performed | E9: kpt_gaikwad_pr | F9: kpt_gaikwad_pr | G9: CLOSED | H9: 45967.786 | I9: A | J9: OBU for OSV -> LRT | K9: A14_A15_OSV | L9: A15_OSV | M9: A15OSV_INFLOW_2025_WK45 | N9: A15OSV_OUTFLOW_2025_WK48 | O9: A15OSV_Planned_25WK48 | P9: DVT_OutOfScope | Q9: KPIT_1501_s34_Pre1_Planned | R9: KPIT_Export | S9: KPIT_WK48_Out | T9: OBU_to_DEV_Handover_Complete | U9: PersonalSettingV5 | V9: R1591_LRT | W9: T90X | AF9: PJ05DEF00 | AG9: PJ05_DEF_00 | AH9: software | AI9: hm_izaki_ki | AJ9: 23PF A15é–‹ç™ºå‘ã‘ä¸å…·åˆç®¡ç†_x000D_ 23PF Defect management for A15 development_x000D_
A10: Defect | B10: PJ05DEF00-313 | C10: 631118 | D10: [SPCAA] Android auto Projection screen is launched on Setup wizard screen when Wired Android auto device is connected to ICB | E10: kpt_mishra_ay | F10: kpt_mishra_ay | G10: CLOSED | H10: 45967.754 | I10: A | J10: OBU for OSV -> LRT | K10: A14_A15_OSV | L10: A15_OSV | M10: A15OSV_INFLOW_2025_WK46 | N10: A15OSV_OUTFLOW_2025_WK47 | O10: DVT_InScope | P10: DVT_KPIT_ConfirmationOK | Q10: KPIT_1501_s34_Pre1_Planned | R10: KPIT_Export | S10: KPIT_WK47_Out | T10: OBU_to_DEV_Handover_Complete | U10: R1591_LRT | V10: T90X | AF10: PJ05DEF00 | AG10: PJ05_DEF_00 | AH10: software | AI10: hm_izaki_ki | AJ10: 23PF A15é–‹ç™ºå‘ã‘ä¸å…·åˆç®¡ç†_x000D_ 23PF Defect management for A15 development_x000D_
A11: Defect | B11: PJ05DEF00-311 | C11: 631011 | D11: [MET] Current playing song metadata is not updated on meter simulator when Track up operation is performed from SWC while primary authentication screen is active | E11: kpt_m_re | F11: kpt_reddy_ke | G11: BLOCK FIXING VALIDATION | H11: 45967.665 | I11: B | J11: OBU for OSV -> Out-of-Test Case Detection | K11: A14_A15_OSV | L11: A15_OSV | M11: A15OSV_INFLOW_2025_WK45 | N11: A15OSV_OUTFLOW_2026_WK7 | O11: KPIT_2026_WK07_Out | P11: KPIT_Export | Q11: KPIT_WK07_Out | R11: OBU_to_DEV_Handover_Complete | S11: R1591_LRT | T11: T90X | AF11: PJ05DEF00 | AG11: PJ05_DEF_00 | AH11: software | AI11: hm_izaki_ki | AJ11: 23PF A15é–‹ç™ºå‘ã‘ä¸å…·åˆç®¡ç†_x000D_ 23PF Defect management for A15 development_x000D_
A12: Defect | B12: PJ05DEF00-310 | C12: 630862 | D12: [MET] Next song from USB music library is played when track up operation is performed from SWC while Primary Authentication screen is active | E12: kpt_sakore_vi | F12: kpt_reddy_ke | G12: IN INVESTIGATING | H12: 45967.651 | I12: B | J12: OBU for OSV -> Out-of-Test Case Detection | K12: A14_A15_OSV | L12: A15_OSV | M12: A15OSV_INFLOW_2025_WK45 | N12: KPIT_Export | O12: OBU_to_DEV_Handover_Complete | P12: R1591_LRT | Q12: T90X | AF12: PJ05DEF00 | AG12: PJ05_DEF_00 | AH12: software | AI12: hm_izaki_ki | AJ12: 23PF A15é–‹ç™ºå‘ã‘ä¸å…·åˆç®¡ç†_x000D_ 23PF Defect management for A15 development_x000D_
A13: Defect | B13: PJ05DEF00-305 | C13: 630555 | D13: [Personal Setting] User Notification for Personal Settings of Seat function is not displayed while switching user profile from Owner to Guest | E13: kpt_gaikwad_pr | F13: kpt_gaikwad_pr | G13: CLOSED | H13: 45967.475 | I13: B | J13: OBU for OSV -> LRT | K13: A14_A15_OSV | L13: A15_OSV | M13: A15OSV_INFLOW_2025_WK45 | N13: A15OSV_OUTFLOW_2025_WK46 | O13: DVT_OutOfScope | P13: KPIT_Export | Q13: KPIT_WK46_Out | R13: OBU_to_DEV_Handover_Complete | S13: PersonalSettingV5 | T13: R1591_LRT | U13: T90X | AF13: PJ05DEF00 | AG13: PJ05_DEF_00 | AH13: software | AI13: hm_izaki_ki | AJ13: 23PF A15é–‹ç™ºå‘ã‘ä¸å…·åˆç®¡ç†_x000D_ 23PF Defect management for A15 development_x000D_
A14: Defect | B14: PJ05DEF00-300 | C14: 629543 | D14: [Google Assistant] Close "x" button on Google Assistant voice chrome popup is not displayed after initiating Google voice assistance | E14: kpt_gandhi_ch | F14: kpt_lucky_md | G14: [IN INVESTIGATING]APPLY FOR CLOSE | H14: 45965.944 | I14: C | J14: LRT -> Out-of-Test Case Detection | K14: A14_A15_OSV | L14: A15_OSV | M14: A15OSV_INFLOW_2025_WK45 | N14: A15OSV_OUTFLOW_2026_WK5 | O14: DVT_OutOfScope | P14: KPIT_2026_WK05_Out | Q14: OBU_to_DEV_Handover_Complete | R14: R1591_LRT | S14: T90X | AF14: PJ05DEF00 | AG14: PJ05_DEF_00 | AH14: software | AI14: hm_izaki_ki | AJ14: 23PF A15é–‹ç™ºå‘ã‘ä¸å…·åˆç®¡ç†_x000D_ 23PF Defect management for A15 development_x000D_
A15: Defect | B15: PJ05DEF00-299 | C15: 629639 | D15: [SUW] Primary authentication screen is displayed after selecting "Next" button on "Google assistant" screen | E15: hm_terada_ke | F15: kpt_thombare_ap | G15: IN INVESTIGATING | H15: 45965.822 | I15: B | J15: OBU for OSV -> Out-of-Test Case Detection | K15: A14_A15_OSV | L15: A15_OSV | M15: A15OSV_INFLOW_2025_WK46 | N15: A15OSV_OUTFLOW_2026_WK6 | O15: KPIT_1502_s34_Final_Planned | P15: KPIT_2026_WK09_Planned | Q15: KPIT_Export | R15: OBU_to_DEV_Handover_Complete | S15: R1591_LRT | T15: SetupWizard | U15: T90X | AF15: PJ05DEF00 | AG15: PJ05_DEF_00 | AH15: software | AI15: hm_izaki_ki | AJ15: 23PF A15é–‹ç™ºå‘ã‘ä¸å…·åˆç®¡ç†_x000D_ 23PF Defect management for A15 development_x000D_
A16: Defect | B16: PJ05DEF00-298 | C16: 629437 | D16: [SUW] "Back" button from MCS is not operable on software keyboard "Choose input method" popup while "Name your profile" screen is active | E16: kpt_gahile_pr | F16: kpt_gahile_pr | G16: CLOSED | H16: 45965.551 | I16: B | J16: OBU for OSV -> Out-of-Test Case Detection | K16: A14_A15_OSV | L16: A15_OSV | M16: A15OSV_INFLOW_2025_WK45 | N16: A15OSV_OUTFLOW_2026_WK5 | O16: DVT_InScope | P16: DVT_KPIT_ConfirmationOK | Q16: KPIT_2026_WK05_Out | R16: OBU_to_DEV_Handover_Complete | S16: R1591_LRT | T16: T90X | AF16: PJ05DEF00 | AG16: PJ05_DEF_00 | AH16: software | AI16: hm_izaki_ki | AJ16: 23PF A15é–‹ç™ºå‘ã‘ä¸å…·åˆç®¡ç†_x000D_ 23PF Defect management for A15 development_x000D_
A17: Defect | B17: PJ05DEF00-297 | C17: 629428 | D17: [SPCCP] Phone1 as wireless Carplay is not connected when Wi-Fi mode is set to Network mode | E17: kpt_gunjal_ji | F17: kpt_gunjal_ji | G17: CLOSED | H17: 45965.535 | I17: A | J17: OBU for OSV -> LRT | K17: A14_A15_OSV | L17: A15_OSV | M17: A15OSV_INFLOW_2025_WK45 | N17: A15OSV_OUTFLOW_2025_WK47 | O17: DVT_OutOfScope | P17: KPIT_1501_s34_Pre1_Planned | Q17: KPIT_Export | R17: KPIT_WK47_Out | S17: OBU_to_DEV_Handover_Complete | T17: R1591_LRT | U17: T90X | AF17: PJ05DEF00 | AG17: PJ05_DEF_00 | AH17: software | AI17: hm_izaki_ki | AJ17: 23PF A15é–‹ç™ºå‘ã‘ä¸å…·åˆç®¡ç†_x000D_ 23PF Defect management for A15 development_x000D_
A18: Defect | B18: PJ05DEF00-291 | C18: 628781 | D18: [BTA] Home screen is displayed when allow is selected on dangerous permission popup | E18: kpt_singh_sa | F18: kpt_gahile_pr | G18: CLOSE CONFIRMATION | H18: 45964.6 | I18: B | J18: OBU for OSV -> Out-of-Test Case Detection | K18: A14_A15_OSV | L18: A15_OSV | M18: A15OSV_INFLOW_2025_WK45 | N18: A15OSV_OUTFLOW_2026_WK6 | O18: DVT_OutOfScope | P18: KPIT_1502_s34_Final_Planned | Q18: KPIT_2026_WK06_Out | R18: OBU_to_DEV_Handover_Complete | S18: R1591_LRT | T18: T90X | AF18: PJ05DEF00 | AG18: PJ05_DEF_00 | AH18: software | AI18: hm_izaki_ki | AJ18: 23PF A15é–‹ç™ºå‘ã‘ä¸å…·åˆç®¡ç†_x000D_ 23PF Defect management for A15 development_x000D_
A19: Defect | B19: PJ05DEF00-288 | C19: 628605 | D19: [System UI] Password field is hidden behind software keyboard when password input area is selected from Wifi setting screen | E19: kpt_khilare_su | F19: kpt_lucky_md | G19: [IN INVESTIGATING]APPLY FOR CLOSE | H19: 45964.002 | I19: C | J19: LRT -> Out-of-Test Case Detection | K19: A14_A15_OSV | L19: A15_OSV | M19: A15OSV_INFLOW_2025_WK45 | N19: A15OSV_OUTFLOW_2026_WK6 | O19: DVT_OutOfScope | P19: KPIT_1502_s34_Final_Planned | Q19: KPIT_2026_WK06_Out | R19: KPIT_WK06_Out | S19: OBU_to_DEV_Handover_Complete | T19: R1591_LRT | U19: T90X | AF19: PJ05DEF00 | AG19: PJ05_DEF_00 | AH19: software | AI19: hm_izaki_ki | AJ19: 23PF A15é–‹ç™ºå‘ã‘ä¸å…·åˆç®¡ç†_x000D_ 23PF Defect management for A15 development_x000D_
A20: Defect | B20: PJ05DEF00-285 | C20: 628601 | D20: [SUW] After selecting "Not now" on google services agreement pop up , black screen is observed followed by google services agreement pop up again while Turn on the system location setting pop up is active | E20: kpt_lucky_md | F20: kpt_lucky_md | G20: CLOSE CONFIRMATION | H20: 45963 | I20: A | J20: OBU for OSV -> Out-of-Test Case Detection | K20: A14_A15_OSV | L20: A15_OSV | M20: A15OSV_INFLOW_2025_WK45 | N20: A15OSV_OUTFLOW_2025_WK51 | O20: A15OSV_Planned_25WK48 | P20: DVT_OutOfScope | Q20: KPIT_1501_s34_Final_Planned | R20: KPIT_Export | S20: KPIT_WK51_Out | T20: OBU_to_DEV_Handover_Complete | U20: R1591_LRT | V20: T90X | AF20: PJ05DEF00 | AG20: PJ05_DEF_00 | AH20: software | AI20: hm_izaki_ki | AJ20: 23PF A15é–‹ç™ºå‘ã‘ä¸å…·åˆç®¡ç†_x000D_ 23PF Defect management for A15 development_x000D_
A21: Defect | B21: PJ05DEF00-284 | C21: 628552 | D21: [PRM] "Welcome and language selection" screen of setup wizard is displayed before Disclaimer screen | E21: kpt_m_re | F21: kpt_walke_sh | G21: IN INTEGRATION REVIEW | H21: 45961.819 | I21: B | J21: OBU for OSV -> Out-of-Test Case Detection | K21: A14_A15_OSV | L21: A15_OSV | M21: A15_OSV_OBU_Defect_Triaged | N21: A15_OSV_OBU_Defect_Triaged_Rebase_required | O21: A15OSV_INFLOW_2025_WK45 | P21: A15OSV_OUTFLOW_2026_WK7 | Q21: DVT_InScope | R21: KPIT_2026_WK07_Out | S21: OBU_to_DEV_Handover_Complete | T21: R1591_LRT | U21: T90X | AF21: PJ05DEF00 | AG21: PJ05_DEF_00 | AH21: software | AI21: hm_izaki_ki | AJ21: 23PF A15é–‹ç™ºå‘ã‘ä¸å…·åˆç®¡ç†_x000D_ 23PF Defect management for A15 development_x000D_
A22: Defect | B22: PJ05DEF00-283 | C22: 628483 | D22: [System UI] "Apps" settings list scrolls down automatically when "Back" button is selected while "Linkage" setting screen is active | E22: kpt_gaikwad_pr | F22: kpt_gaikwad_pr | G22: CLOSED | H22: 45961.729 | I22: C | J22: OBU for OSV -> Out-of-Test Case Detection | K22: A14_A15_OSV | L22: A15_OSV | M22: A15OSV_INFLOW_2025_WK46 | N22: A15OSV_OUTFLOW_2026_WK5 | O22: DVT_OutOfScope | P22: KPIT_2026_WK05_Out | Q22: OBU_to_DEV_Handover_Complete | R22: R1591_LRT | S22: T90X | AF22: PJ05DEF00 | AG22: PJ05_DEF_00 | AH22: software | AI22: hm_izaki_ki | AJ22: 23PF A15é–‹ç™ºå‘ã‘ä¸å…·åˆç®¡ç†_x000D_ 23PF Defect management for A15 development_x000D_
A23: Defect | B23: PJ05DEF00-281 | C23: 628544 | D23: [CarMediaApp] Previous entered text is displayed on search input field of Spotify search after pressing back button twice from MCS and relaunching Spotify search screen | E23: kpt_gahile_pr | F23: kpt_gahile_pr | G23: CLOSED | H23: 45961.651 | I23: B | J23: OBU for OSV -> Out-of-Test Case Detection | K23: A14_A15_OSV | L23: A15_OSV | M23: A15OSV_INFLOW_2025_WK45 | N23: A15OSV_OUTFLOW_2026_WK6 | O23: DVT_OutOfScope | P23: KPIT_1502_s34_Final_Planned | Q23: KPIT_2026_WK06_Out | R23: OBU_to_DEV_Handover_Complete | S23: R1591_LRT | T23: T90X | AF23: PJ05DEF00 | AG23: PJ05_DEF_00 | AH23: software | AI23: hm_izaki_ki | AJ23: 23PF A15é–‹ç™ºå‘ã‘ä¸å…·åˆç®¡ç†_x000D_ 23PF Defect management for A15 development_x000D_
A24: Defect | B24: PJ05DEF00-280 | C24: 628472 | D24: [PRM] "Finish setting up your profile" is displayed partially along with "Do not show this again" options of Profile Setup notification on "Switching to Owner" screen | E24: kpt_khilare_su | F24: kpt_raj_am | G24: Waiting | H24: 45961.634 | I24: C | J24: OBU for OSV -> Out-of-Test Case Detection | K24: A14_A15_OSV | L24: A15_OSV | M24: A15_OSV_OBU_Defect_Triaged | N24: A15_OSV_OBU_Defect_Triaged_Fix_Required | O24: A15OSV_INFLOW_2025_WK45 | P24: OBU_to_DEV_Handover_Complete | Q24: R1591_LRT | R24: T90X | AF24: PJ05DEF00 | AG24: PJ05_DEF_00 | AH24: software | AI24: hm_izaki_ki | AJ24: 23PF A15é–‹ç™ºå‘ã‘ä¸å…·åˆç®¡ç†_x000D_ 23PF Defect management for A15 development_x000D_
A25: Defect | B25: PJ05DEF00-279 | C25: 628460 | D25: [KEY] "Choose input method" popup is displayed for a moment when "Change Profile" button is selected from Header | E25: kpt_m_re | F25: kpt_patil_di | G25: INVESTIGATING OUTSIDE | H25: 45961.615 | I25: C | J25: OBU for OSV -> Out-of-Test Case Detection | K25: A14_A15_OSV | L25: A15_OSV | M25: A15OSV_INFLOW_2025_WK45 | N25: A15OSV_OUTFLOW_2026_WK7 | O25: KPIT_2026_WK07_Out | P25: KPIT_WK07_Out | Q25: OBU_to_DEV_Handover_Complete | R25: R1591_LRT | S25: T90X | AF25: PJ05DEF00 | AG25: PJ05_DEF_00 | AH25: software | AI25: hm_izaki_ki | AJ25: 23PF A15é–‹ç™ºå‘ã‘ä¸å…·åˆç®¡ç†_x000D_ 23PF Defect management for A15 development_x000D_
A26: Defect | B26: PJ05DEF00-277 | C26: 628224 | D26: [System UI] General Settings app shortcut in MCS is not retaining in Highlighted state while transition to Wifi Screen from Connections Screen | E26: kpt_khilare_su | F26: kpt_patil_di | G26: IN INTEGRATION REVIEW | H26: 45961.511 | I26: C | J26: OBU for OSV -> Out-of-Test Case Detection | K26: A14_A15_OSV | L26: A15_OSV | M26: A15OSV_INFLOW_2025_WK45 | N26: A15OSV_OUTFLOW_2026_WK6 | O26: DVT_InScope | P26: KPIT_1502_s34_Final_Planned | Q26: KPIT_2026_WK06_Out | R26: KPIT_2026_WK07_Out | S26: KPIT_WK06_Out | T26: OBU_to_DEV_Handover_Complete | U26: R1591_LRT | V26: T90X | AF26: PJ05DEF00 | AG26: PJ05_DEF_00 | AH26: software | AI26: hm_izaki_ki | AJ26: 23PF A15é–‹ç™ºå‘ã‘ä¸å…·åˆç®¡ç†_x000D_ 23PF Defect management for A15 development_x000D_
A27: Defect | B27: PJ05DEF00-276 | C27: 628206 | D27: [System UI] "Choose Input Method" popup reappears on "Data Connection Options" settings screen when "No Network Connectivity" is selected from notification list | E27: kpt_khilare_su | F27: kpt_lucky_md | G27: Waiting | H27: 45961.499 | I27: C | J27: OBU for OSV -> Out-of-Test Case Detection | K27: A14_A15_OSV | L27: A15_OSV | M27: A15_OSV_OBU_Defect_Triaged | N27: A15_OSV_OBU_Defect_Triaged_Rebase_required | O27: A15OSV_INFLOW_2025_WK45 | P27: OBU_to_DEV_Handover_Complete | Q27: R1591_LRT | R27: T90X | AF27: PJ05DEF00 | AG27: PJ05_DEF_00 | AH27: software | AI27: hm_izaki_ki | AJ27: 23PF A15é–‹ç™ºå‘ã‘ä¸å…·åˆç®¡ç†_x000D_ 23PF Defect management for A15 development_x000D_
A28: Defect | B28: PJ05DEF00-275 | C28: 628085 | D28: [SUW] "New profile" text is displayed on input text field on "Name your profile" screen while creating the user1 profile | E28: kpt_shrungare_ja | F28: kpt_patil_di | G28: INVESTIGATING OUTSIDE | H28: 45961.491 | I28: C | J28: OBU for OSV -> LRT | K28: A14_A15_OSV | L28: A15_OSV | M28: A15OSV_INFLOW_2025_WK45 | N28: A15OSV_OUTFLOW_2025_WK46 | O28: KPIT_1501_s34_Pre1_Planned | P28: KPIT_1502_s34_Pre1_Planned | Q28: KPIT_WK46_Out | R28: OBU_to_DEV_Handover_Complete | S28: R1591_LRT | T28: T90X | AF28: PJ05DEF00 | AG28: PJ05_DEF_00 | AH28: software | AI28: hm_izaki_ki | AJ28: 23PF A15é–‹ç™ºå‘ã‘ä¸å…·åˆç®¡ç†_x000D_ 23PF Defect management for A15 development_x000D_
A29: Defect | B29: PJ05DEF00-269 | C29: 627767 | D29: [KEY] Software Keyboard is not displayed after tapping "Back" button from MCS on Google Voice input screen | E29: kpt_m_re | F29: kpt_walke_sh | G29: IN INTEGRATION REVIEW | H29: 45960.759 | I29: C | J29: OBU for OSV -> Out-of-Test Case Detection | K29: A14_A15_OSV | L29: A15_OSV | M29: A15OSV_INFLOW_2025_WK45 | N29: A15OSV_OUTFLOW_2026_WK6 | O29: DVT_OutOfScope | P29: KPIT_2026_WK06_Out | Q29: KPIT_WK06_Out | R29: OBU_to_DEV_Handover_Complete | S29: R1591_LRT | T29: T90X | AF29: PJ05DEF00 | AG29: PJ05_DEF_00 | AH29: software | AI29: hm_izaki_ki | AJ29: 23PF A15é–‹ç™ºå‘ã‘ä¸å…·åˆç®¡ç†_x000D_ 23PF Defect management for A15 development_x000D_
A30: Defect | B30: PJ05DEF00-268 | C30: 627422 | D30: [SUW] "Enhance the ride with Apps" screen is not displayed when "Skip" is selected on "Google Sign in" screen | E30: kpt_gahile_pr | F30: kpt_gahile_pr | G30: CLOSED | H30: 45960.672 | I30: B | J30: OBU for OSV -> LRT | K30: A14_A15_OSV | L30: A15_OSV | M30: A15OSV_INFLOW_2025_WK45 | N30: A15OSV_OUTFLOW_2025_WK46 | O30: DVT_OutOfScope | P30: KPIT_1501_s34_Pre1_Planned | Q30: KPIT_Export | R30: KPIT_WK46_Out | S30: OBU_to_DEV_Handover_Complete | T30: R1591_LRT | U30: SetupWizard | V30: T90X | AF30: PJ05DEF00 | AG30: PJ05_DEF_00 | AH30: software | AI30: hm_izaki_ki | AJ30: 23PF A15é–‹ç™ºå‘ã‘ä¸å…·åˆç®¡ç†_x000D_ 23PF Defect management for A15 development_x000D_
A31: Defect | B31: PJ05DEF00-267 | C31: 627522 | D31: [PRM] User switching screen is displayed and taking time to login when PIN is entered on Lock screen | E31: kpt_khilare_su | F31: kpt_patil_di | G31: Waiting | H31: 45960.658 | I31: B | J31: OBU for OSV -> Out-of-Test Case Detection | K31: A14_A15_OSV | L31: A15_OSV | M31: A15_OSV_OBU_Defect_Triaged | N31: A15_OSV_OBU_Defect_Triaged_Fix_Required | O31: A15OSV_INFLOW_2025_WK45 | P31: OBU_to_DEV_Handover_Complete | Q31: R1591_LRT | R31: T90X | AF31: PJ05DEF00 | AG31: PJ05_DEF_00 | AH31: software | AI31: hm_izaki_ki | AJ31: 23PF A15é–‹ç™ºå‘ã‘ä¸å…·åˆç®¡ç†_x000D_ 23PF Defect management for A15 development_x000D_
A32: Defect | B32: PJ05DEF00-266 | C32: 627419 | D32: [SUW] Black screen is displayed on ICB after selecting "Next" on "You're signed in" Google screen | E32: kpt_m_re | F32: kpt_mishra_ay | G32: INVESTIGATING OUTSIDE | H32: 45960.648 | I32: S | J32: OBU for OSV -> LRT | K32: A14_A15_OSV | L32: A15_OSV | M32: A15OSV_INFLOW_2025_WK45 | N32: A15OSV_OUTFLOW_2025_WK46 | O32: DVT_OutOfScope | P32: KPIT_1501_s34_Pre1_Planned | Q32: KPIT_Export | R32: KPIT_WK46_Out | S32: OBU_to_DEV_Handover_Complete | T32: R1591_LRT | U32: T90X | AF32: PJ05DEF00 | AG32: PJ05_DEF_00 | AH32: software | AI32: hm_izaki_ki | AJ32: 23PF A15é–‹ç™ºå‘ã‘ä¸å…·åˆç®¡ç†_x000D_ 23PF Defect management for A15 development_x000D_
A33: Defect | B33: PJ05DEF00-264 | C33: 627275 | D33: [Personal Setting] "Traffic Sign Recognition System Display Setting" option is not displayed in "Driver Assist System Setup" screen when OS restart is performed while "Driver Assist System Setup" screen is active | E33: kpt_gaikwad_pr | F33: kpt_gaikwad_pr | G33: CLOSED | H33: 45960.522 | I33: A | J33: OBU for OSV -> Out-of-Test Case Detection | K33: A14_A15_OSV | L33: A15_OSV | M33: A15OSV_INFLOW_2025_WK44 | N33: A15OSV_OUTFLOW_2025_WK48 | O33: A15OSV_Planned_25WK48 | P33: DVT_OutOfScope | Q33: KPIT_1501_s34_Final_Planned | R33: KPIT_Export | S33: KPIT_WK48_Out | T33: OBU_to_DEV_Handover_Complete | U33: PersonalSettingV5 | V33: R1591_LRT | W33: T90X | AF33: PJ05DEF00 | AG33: PJ05_DEF_00 | AH33: software | AI33: hm_izaki_ki | AJ33: 23PF A15é–‹ç™ºå‘ã‘ä¸å…·åˆç®¡ç†_x000D_ 23PF Defect management for A15 development_x000D_
A34: Defect | B34: PJ05DEF00-260 | C34: 626839 | D34: [System UI] "Google Play" screen scrollbar is not getting scroll till end on the "Google Play" screen when scrolling while "Google Play" screen is active | E34: kpt_m_re | F34: kpt_gunjal_ji | G34: IN INVESTIGATING | H34: 45959.699 | I34: B | J34: OBU for OSV -> Out-of-Test Case Detection | K34: A14_A15_OSV | L34: A15_OSV | M34: A15_OSV_OBU_Defect_Triaged | N34: A15_OSV_OBU_Defect_Triaged_Corner_case | O34: A15_OSV_OBU_Defect_Triaged_Fix_Required | P34: A15OSV_INFLOW_2025_WK44 | Q34: OBU_to_DEV_Handover_Complete | R34: R1591_LRT | S34: T90X | AF34: PJ05DEF00 | AG34: PJ05_DEF_00 | AH34: software | AI34: hm_izaki_ki | AJ34: 23PF A15é–‹ç™ºå‘ã‘ä¸å…·åˆç®¡ç†_x000D_ 23PF Defect management for A15 development_x000D_
A35: Defect | B35: PJ05DEF00-259 | C35: 626701 | D35: [SUW] Black screen is displayed on ICB after selecting "Start" button on "Finish profile" screen | E35: kpt_katta_pa | F35: kpt_tehra_ma | G35: INVESTIGATING OUTSIDE | H35: 45959.575 | I35: S | J35: OBU for OSV -> Out-of-Test Case Detection | K35: A14_A15_OSV | L35: A15_OSV | M35: A15OSV_INFLOW_2025_WK45 | N35: A15OSV_OUTFLOW_2025_WK50 | O35: KPIT_1501_s34_Final_Planned | P35: KPIT_WK50_Out | Q35: OBU_to_DEV_Handover_Complete | R35: R1591_LRT | S35: T90X | AF35: PJ05DEF00 | AG35: PJ05_DEF_00 | AH35: software | AI35: hm_izaki_ki | AJ35: 23PF A15é–‹ç™ºå‘ã‘ä¸å…·åˆç®¡ç†_x000D_ 23PF Defect management for A15 development_x000D_
A36: Defect | B36: PJ05DEF00-258 | C36: 626652 | D36: [System UI] "Google Assistant" settings list scrolls down automatically when "Back" button is selected while "Assistant languages" settings screen is active | E36: kpt_m_re | F36: kpt_gaikwad_pr | G36: CLOSE CONFIRMATION | H36: 45959.531 | I36: C | J36: OBU for OSV -> Out-of-Test Case Detection | K36: A14_A15_OSV | L36: A15_OSV | M36: A15OSV_INFLOW_2025_WK44 | N36: A15OSV_OUTFLOW_2026_WK6 | O36: DVT_OutOfScope | P36: KPIT_2026_WK06_Out | Q36: OBU_to_DEV_Handover_Complete | R36: R1591_LRT | S36: T90X | T36: åŒä»¶_Won'tFix | AF36: PJ05DEF00 | AG36: PJ05_DEF_00 | AH36: software | AI36: hm_izaki_ki | AJ36: 23PF A15é–‹ç™ºå‘ã‘ä¸å…·åˆç®¡ç†_x000D_ 23PF Defect management for A15 development_x000D_
A37: Defect | B37: PJ05DEF00-256 | C37: 626623 | D37: [KEY] "Choose Input Method" pop-up reappears on profile selection screen when Change Profile option is selected on Notification screen | E37: kpt_khilare_su | F37: kpt_chaudhari_an | G37: Waiting | H37: 45959.503 | I37: C | J37: OBU for OSV -> Out-of-Test Case Detection | K37: A14_A15_OSV | L37: A15_OSV | M37: A15_OSV_OBU_Defect_Triaged | N37: A15_OSV_OBU_Defect_Triaged_Fix_Required | O37: A15OSV_INFLOW_2025_WK44 | P37: OBU_to_DEV_Handover_Complete | Q37: R1591_LRT | R37: T90X | AF37: PJ05DEF00 | AG37: PJ05_DEF_00 | AH37: software | AI37: hm_izaki_ki | AJ37: 23PF A15é–‹ç™ºå‘ã‘ä¸å…·åˆç®¡ç†_x000D_ 23PF Defect management for A15 development_x000D_
A38: Defect | B38: PJ05DEF00-252 | C38: 626496 | D38: [System UI] Bluetooth disable confirmation popup is not terminated when Google Assistant VR is initiated from MCS | E38: kpt_m_re | F38: kpt_mishra_ay | G38: IN INTEGRATION REVIEW | H38: 45959.424 | I38: B | J38: OBU for OSV -> Out-of-Test Case Detection | K38: A14_A15_OSV | L38: A15_OSV | M38: A15OSV_INFLOW_2025_WK45 | N38: A15OSV_OUTFLOW_2026_WK6 | O38: DVT_OutOfScope | P38: KPIT_2026_WK06_Out | Q38: KPIT_WK06_Out | R38: OBU_to_DEV_Handover_Complete | S38: R1591_LRT | T38: T90X | AF38: PJ05DEF00 | AG38: PJ05_DEF_00 | AH38: software | AI38: hm_izaki_ki | AJ38: 23PF A15é–‹ç™ºå‘ã‘ä¸å…·åˆç®¡ç†_x000D_ 23PF Defect management for A15 development_x000D_
A39: Defect | B39: PJ05DEF00-246 | C39: 626060 | D39: [PRM] "Try again in 30 seconds" message is not displayed after entering incorrect PIN for 5 times on lock screen | E39: kpt_v_bo | F39: kpt_thombare_ap | G39: IN INVESTIGATING | H39: 45958.721 | I39: B | J39: OBU for OSV -> LRT | K39: A14_A15_OSV | L39: A15_OSV | M39: A15OSV_INFLOW_2025_WK44 | N39: A15OSV_OUTFLOW_2025_WK47 | O39: A15OSV_Planned_26WK07 | P39: A15OSV_Planned_26WK08 | Q39: KPIT_1501_s34_Pre1_Planned | R39: KPIT_2026_WK07_Planned | S39: KPIT_2026_WK08_Planned | T39: KPIT_2026_WK09_Planned | U39: KPIT_Export | V39: OBU_to_DEV_Handover_Complete | W39: R1591_LRT | X39: T90X | AF39: PJ05DEF00 | AG39: PJ05_DEF_00 | AH39: software | AI39: hm_izaki_ki | AJ39: 23PF A15é–‹ç™ºå‘ã‘ä¸å…·åˆç®¡ç†_x000D_ 23PF Defect management for A15 development_x000D_
A40: Defect | B40: PJ05DEF00-243 | C40: 625899 | D40: [SPCCP] Screen flickers on password screen after selecting 'Apple CarPlay' shortcut from MCS while 'Choose input method' popup is active | E40: kpt_dhande_ga | F40: kpt_gahile_pr | G40: Waiting | H40: 45958.628 | I40: C | J40: OBU for OSV -> Out-of-Test Case Detection | K40: A14_A15_OSV | L40: A15_OSV | M40: A15_OSV_OBU_Defect_Triaged | N40: A15_OSV_OBU_Defect_Triaged_Rebase_required | O40: A15OSV_INFLOW_2025_WK44 | P40: KPIT_Export | Q40: OBU_to_DEV_Handover_Complete | R40: R1591_LRT | S40: T90X | AF40: PJ05DEF00 | AG40: PJ05_DEF_00 | AH40: software | AI40: hm_izaki_ki | AJ40: 23PF A15é–‹ç™ºå‘ã‘ä¸å…·åˆç®¡ç†_x000D_ 23PF Defect management for A15 development_x000D_
A41: Defect | B41: PJ05DEF00-237 | C41: 624513 | D41: [PRM] ICB Display freezes along with blank "MCS" & "B-Zone" when profile is switched from Owner->Guest | E41: kpt_shimpi_su | F41: kpt_patil_di | G41: IN INVESTIGATING | H41: 45956.661 | I41: S | J41: OBU for OSV -> Out-of-Test Case Detection | K41: 2026_Sprint2_Planned | L41: A14_A15_OSV | M41: A15_OSV | N41: A15OSV_INFLOW_2025_WK44 | O41: KPIT_1501_s34_Final_Planned | P41: KPIT_1502_s34_Pre1_Planned | Q41: KPIT_2026_WK09_Planned | R41: OBU_to_DEV_Handover_Complete | S41: R1591_LRT | T41: T90X | AF41: PJ05DEF00 | AG41: PJ05_DEF_00 | AH41: software | AI41: hm_izaki_ki | AJ41: 23PF A15é–‹ç™ºå‘ã‘ä¸å…·åˆç®¡ç†_x000D_ 23PF Defect management for A15 development_x000D_
A42: Defect | B42: PJ05DEF00-235 | C42: 624511 | D42: [System UI] "Uninstalling Spotifyâ€¦" popup is not displayed fully and shifted up for a moment while uninstalling is in progress | E42: kpt_m_re | F42: kpt_patil_di | G42: [IN INVESTIGATING]APPLY FOR CLOSE | H42: 45956.587 | I42: C | J42: OBU for OSV -> Out-of-Test Case Detection | K42: A14_A15_OSV | L42: A15_OSV | M42: A15_OSV_OBU_Defect_Triaged | N42: A15_OSV_OBU_Defect_Triaged_NoFix | O42: A15OSV_INFLOW_2025_WK44 | P42: A15OSV_OUTFLOW_2026_WK6 | Q42: DVT_OutOfScope | R42: KPIT_2026_WK06_Out | S42: OBU_to_DEV_Handover_Complete | T42: R1591_LRT | U42: T90X | AF42: PJ05DEF00 | AG42: PJ05_DEF_00 | AH42: software | AI42: hm_izaki_ki | AJ42: 23PF A15é–‹ç™ºå‘ã‘ä¸å…·åˆç®¡ç†_x000D_ 23PF Defect management for A15 development_x000D_
A43: Defect | B43: PJ05DEF00-234 | C43: 624379 | D43: [USB] iPod playback is not resumed when volume knob is pressed(OFF->ON) after battery cycle is performed | E43: kpt_dixit_am | F43: kpt_lucky_md | G43: Waiting | H43: 45955.042 | I43: B | J43: OBU for OSV -> Out-of-Test Case Detection | K43: A14_A15_OSV | L43: A15_OSV | M43: A15_OSV_OBU_Defect_Triaged | N43: A15_OSV_OBU_Defect_Triaged_Rebase_required | O43: A15OSV_INFLOW_2025_WK44 | P43: OBU_to_DEV_Handover_Complete | Q43: R1591_LRT | R43: T90X | AF43: PJ05DEF00 | AG43: PJ05_DEF_00 | AH43: software | AI43: hm_izaki_ki | AJ43: 23PF A15é–‹ç™ºå‘ã‘ä¸å…·åˆç®¡ç†_x000D_ 23PF Defect management for A15 development_x000D_
A44: Defect | B44: PJ05DEF00-233 | C44: 624378 | D44: [KEY] Voice input screen is not displayed when microphone icon is pressed on Keyboard | E44: kpt_khilare_su | F44: kpt_lucky_md | G44: Waiting | H44: 45954.906 | I44: B | J44: OBU for OSV -> Out-of-Test Case Detection | K44: A14_A15_OSV | L44: A15_OSV | M44: A15_OSV_OBU_Defect_Triaged | N44: A15_OSV_OBU_Defect_Triaged_Fix_Required | O44: A15OSV_INFLOW_2025_WK44 | P44: OBU_to_DEV_Handover_Complete | Q44: R1591_LRT | R44: T90X | AF44: PJ05DEF00 | AG44: PJ05_DEF_00 | AH44: software | AI44: hm_izaki_ki | AJ44: 23PF A15é–‹ç™ºå‘ã‘ä¸å…·åˆç®¡ç†_x000D_ 23PF Defect management for A15 development_x000D_
A45: Defect | B45: PJ05DEF00-227 | C45: 623843 | D45: [PRM] Primary authentication screen is displayed for a moment before disclaimer popup when user switching is performed from Owner->User1 | E45: kpt_patil_di | F45: kpt_patil_di | G45: CLOSE CONFIRMATION | H45: 45953.739 | I45: B | J45: OBU for OSV -> Out-of-Test Case Detection | K45: A14_A15_OSV | L45: A15_OSV | M45: A15_OSV_OBU_Defect_Triaged | N45: A15_OSV_OBU_Defect_Triaged_NoFix | O45: A15OSV_INFLOW_2025_WK44 | P45: A15OSV_OUTFLOW_2026_WK7 | Q45: DVT_OutOfScope | R45: KPIT_2026_WK07_Out | S45: KPIT_Export | T45: OBU_to_DEV_Handover_Complete | U45: R1591_LRT | V45: T90X | AF45: PJ05DEF00 | AG45: PJ05_DEF_00 | AH45: software | AI45: hm_izaki_ki | AJ45: 23PF A15é–‹ç™ºå‘ã‘ä¸å…·åˆç®¡ç†_x000D_ 23PF Defect management for A15 development_x000D_
A46: Defect | B46: PJ05DEF00-225 | C46: 623809 | D46: [CT] "CabinTalk is not available while other features are using audio" popup is displayed continuously when CabinTalk app is selected from MCS | E46: kpt_s_ak | F46: kpt_patil_di | G46: IN INVESTIGATING | H46: 45953.631 | I46: B | J46: OBU for OSV -> Out-of-Test Case Detection | K46: A14_A15_OSV | L46: A15_OSV | M46: A15OSV_INFLOW_2025_WK44 | N46: OBU_to_DEV_Handover_Complete | O46: R1591_LRT | P46: T90X | AF46: PJ05DEF00 | AG46: PJ05_DEF_00 | AH46: software | AI46: hm_izaki_ki | AJ46: 23PF A15é–‹ç™ºå‘ã‘ä¸å…·åˆç®¡ç†_x000D_ 23PF Defect management for A15 development_x000D_
A47: Defect | B47: PJ05DEF00-219 | C47: 620845 | D47: [WF] Keyboard is not dismissed when "Done"(âœ”) button is selected on Keyboard on Add network screen | E47: kpt_singh_sa | F47: kpt_lucky_md | G47: IN INTEGRATION REVIEW | H47: 45947.724 | I47: B | J47: OBU for OSV -> LRT | K47: A14_A15_OSV | L47: A15_OSV | M47: A15OSV_INFLOW_2025_WK44 | N47: A15OSV_OUTFLOW_2025_WK47 | O47: DVT_InScope | P47: KPIT_1502_s34_Pre1_Planned | Q47: KPIT_Export | R47: KPIT_WK47_Out | S47: OBU_to_DEV_Handover_Complete | T47: R1591_LRT | U47: T90X | AF47: PJ05DEF00 | AG47: PJ05_DEF_00 | AH47: software | AI47: hm_izaki_ki | AJ47: 23PF A15é–‹ç™ºå‘ã‘ä¸å…·åˆç®¡ç†_x000D_ 23PF Defect management for A15 development_x000D_
A48: Defect | B48: PJ05DEF00-218 | C48: 620735 | D48: [RWC] Footer Display(view mode icon ,Day/Night Icon, CTM Icon and caution message) along with Parking Sensor Area is displayed as blank in RWC screen while disclaimer popup is active | E48: kpt_kalidoss_su | F48: kpt_mishra_ay | G48: Waiting | H48: 45947.672 | I48: B | J48: OBU for OSV -> Out-of-Test Case Detection | K48: A14_A15_OSV | L48: A15_OSV | M48: A15_OSV_OBU_Defect_Triaged | N48: A15_OSV_OBU_Defect_Triaged_Fix_Required | O48: A15OSV_INFLOW_2025_WK44 | P48: OBU_to_DEV_Handover_Complete | Q48: R1591_LRT | R48: T90X | AF48: PJ05DEF00 | AG48: PJ05_DEF_00 | AH48: software | AI48: hm_izaki_ki | AJ48: 23PF A15é–‹ç™ºå‘ã‘ä¸å…·åˆç®¡ç†_x000D_ 23PF Defect management for A15 development_x000D_
A49: Defect | B49: PJ05DEF00-217 | C49: 620530 | D49: [PRM] 'Google' screen is displayed instead of 'Choose a Lock Type' screen when PIN is entered on Primary Authentication screen | E49: kpt_khilare_su | F49: kpt_gahile_pr | G49: Waiting | H49: 45947.526 | I49: B | J49: OBU for OSV -> Out-of-Test Case Detection | K49: A14_A15_OSV | L49: A15_OSV | M49: A15_OSV_OBU_Defect_Triaged | N49: A15_OSV_OBU_Defect_Triaged_Fix_Required | O49: A15OSV_INFLOW_2025_WK44 | P49: OBU_to_DEV_Handover_Complete | Q49: R1591_LRT | R49: T90X | AF49: PJ05DEF00 | AG49: PJ05_DEF_00 | AH49: software | AI49: hm_izaki_ki | AJ49: 23PF A15é–‹ç™ºå‘ã‘ä¸å…·åˆç®¡ç†_x000D_ 23PF Defect management for A15 development_x000D_
A50: Defect | B50: PJ05DEF00-212 | C50: 620176 | D50: [AC] 'OK' button on Play Store sign-in error popup is not aligned to center when logged in from Guest profile | E50: kpt_walke_sh | F50: kpt_walke_sh | G50: CLOSED | H50: 45946.779 | I50: C | J50: OBU for OSV -> Out-of-Test Case Detection | K50: A14_A15_OSV | L50: A15_OSV | M50: A15_OSV_OBU_Defect_Triaged | N50: A15_OSV_OBU_Defect_Triaged_NoFix | O50: A15OSV_INFLOW_2025_WK42 | P50: A15OSV_OUTFLOW_2026_WK7 | Q50: DVT_OutOfScope | R50: KPIT_2026_WK07_Out | S50: OBU_to_DEV_Handover_Complete | T50: R1591_LRT | U50: T90X | AF50: PJ05DEF00 | AG50: PJ05_DEF_00 | AH50: software | AI50: hm_izaki_ki | AJ50: 23PF A15é–‹ç™ºå‘ã‘ä¸å…·åˆç®¡ç†_x000D_ 23PF Defect management for A15 development_x000D_
A51: Defect | B51: PJ05DEF00-211 | C51: 620055 | D51: [MCS] 'Back' button is stuck and not operable from MCS when Prime video third party app is launched from home screen | E51: kpt_khilare_su | F51: kpt_mishra_ay | G51: Waiting | H51: 45946.686 | I51: B | J51: OBU for OSV -> Out-of-Test Case Detection | K51: A14_A15_OSV | L51: A15_OSV | M51: A15_OSV_OBU_Defect_Triaged | N51: A15_OSV_OBU_Defect_Triaged_Rebase_required | O51: A15OSV_INFLOW_2025_WK42 | P51: OBU_to_DEV_Handover_Complete | Q51: R1591_LRT | R51: T90X | AF51: PJ05DEF00 | AG51: PJ05_DEF_00 | AH51: software | AI51: hm_izaki_ki | AJ51: 23PF A15é–‹ç™ºå‘ã‘ä¸å…·åˆç®¡ç†_x000D_ 23PF Defect management for A15 development_x000D_
A52: Defect | B52: PJ05DEF00-209 | C52: 620054 | D52: [BTA] "No phone detected" pop-up is displayed for a moment while searching for selected BT device from change device screen | E52: kpt_tripathi_sa | F52: kpt_patil_di | G52: [IN WORK]APPLY FOR CLOSE | H52: 45946.666 | I52: B | J52: OBU for OSV -> Out-of-Test Case Detection | K52: 2026_Sprint2_Planned | L52: A14_A15_OSV | M52: A15_OSV | N52: A15_OSV_OBU_Defect_Triaged | O52: A15_OSV_OBU_Defect_Triaged_Corner_case | P52: A15_OSV_OBU_Defect_Triaged_NoFix | Q52: A15OSV_INFLOW_2025_WK43 | R52: DVT_OutOfScope | S52: KPIT_2026_WK09_Out | T52: KPIT_Export | U52: OBU_to_DEV_Handover_Complete | V52: R1591_LRT | W52: T90X | AF52: PJ05DEF00 | AG52: PJ05_DEF_00 | AH52: software | AI52: hm_izaki_ki | AJ52: 23PF A15é–‹ç™ºå‘ã‘ä¸å…·åˆç®¡ç†_x000D_ 23PF Defect management for A15 development_x000D_
A53: Defect | B53: PJ05DEF00-207 | C53: 619994 | D53: [MCS] 'Home' button is not operable from MCS on 'General settings' screen while B-zone is blank | E53: kpt_m_re | F53: kpt_walke_sh | G53: IN INVESTIGATING | H53: 45946.605 | I53: B | J53: OBU for OSV -> Out-of-Test Case Detection | K53: A14_A15_OSV | L53: A15_OSV | M53: A15_OSV_OBU_Defect_Triaged | N53: A15_OSV_OBU_Defect_Triaged_Corner_case | O53: A15_OSV_OBU_Defect_Triaged_NoFix | P53: A15OSV_INFLOW_2025_WK42 | Q53: OBU_to_DEV_Handover_Complete | R53: R1591_LRT | S53: T90X | AF53: PJ05DEF00 | AG53: PJ05_DEF_00 | AH53: software | AI53: hm_izaki_ki | AJ53: 23PF A15é–‹ç™ºå‘ã‘ä¸å…·åˆç®¡ç†_x000D_ 23PF Defect management for A15 development_x000D_
A54: Defect | B54: PJ05DEF00-206 | C54: 620032 | D54: [AMFM] Preset Area and Channel frequency displayed as blank for a moment during launching of FM and switching to AM from MCS | E54: kpt_patil_di | F54: kpt_patil_di | G54: CLOSED | H54: 45946.603 | I54: C | J54: OBU for OSV -> Out-of-Test Case Detection | K54: A14_A15_OSV | L54: A15_OSV | M54: A15OSV_INFLOW_2025_WK43 | N54: A15OSV_OUTFLOW_2025_WK49 | O54: DVT_OutOfScope | P54: KPIT_2026_WK06_Out | Q54: OBU_to_DEV_Handover_Complete | R54: R1591_LRT | S54: T90X | AF54: PJ05DEF00 | AG54: PJ05_DEF_00 | AH54: software | AI54: hm_izaki_ki | AJ54: 23PF A15é–‹ç™ºå‘ã‘ä¸å…·åˆç®¡ç†_x000D_ 23PF Defect management for A15 development_x000D_
A55: Defect | B55: PJ05DEF00-204 | C55: 619847 | D55: [SUW] Notification list screen continues to display for a moment when "SUW Reopen Notification(Google as is)" is selected from Notification list | E55: kpt_pisal_ra | F55: kpt_rane_sh | G55: Waiting | H55: 45946.519 | I55: C | J55: OBU for OSV -> Out-of-Test Case Detection | K55: A14_A15_OSV | L55: A15_OSV | M55: A15_OSV_OBU_Defect_Triaged | N55: A15_OSV_OBU_Defect_Triaged_Fix_Required | O55: A15OSV_INFLOW_2025_WK42 | P55: OBU_to_DEV_Handover_Complete | Q55: R1591_LRT | R55: SetupWizard | S55: T90X | AF55: PJ05DEF00 | AG55: PJ05_DEF_00 | AH55: software | AI55: hm_izaki_ki | AJ55: 23PF A15é–‹ç™ºå‘ã‘ä¸å…·åˆç®¡ç†_x000D_ 23PF Defect management for A15 development_x000D_
A56: Defect | B56: PJ05DEF00-198 | C56: 619079 | D56: [Google Assistant] Microphone icon is displayed for a moment on "Add Network" screen when "Google Assistant" is initiated from MCS | E56: kpt_khilare_su | F56: kpt_nayak_ar | G56: Waiting | H56: 45945.728 | I56: C | J56: OBU for OSV -> Out-of-Test Case Detection | K56: A14_A15_OSV | L56: A15_OSV | M56: A15_OSV_OBU_Defect_Triaged | N56: A15_OSV_OBU_Defect_Triaged_Fix_Required | O56: A15OSV_INFLOW_2025_WK42 | P56: OBU_to_DEV_Handover_Complete | Q56: R1591_LRT | R56: T90X | AF56: PJ05DEF00 | AG56: PJ05_DEF_00 | AH56: software | AI56: hm_izaki_ki | AJ56: 23PF A15é–‹ç™ºå‘ã‘ä¸å…·åˆç®¡ç†_x000D_ 23PF Defect management for A15 development_x000D_
A57: Defect | B57: PJ05DEF00-196 | C57: 618974 | D57: [AC] "Sign in to your Google Account" pop up freezes while entering login credentials | E57: kpt_nayak_ar | F57: kpt_nayak_ar | G57: CLOSED | H57: 45945.624 | I57: B | J57: OBU for OSV -> Out-of-Test Case Detection | K57: 3PA | L57: 3PA_KPIT_Out | M57: A14_A15_OSV | N57: A15_OSV | O57: A15OSV_INFLOW_2025_WK42 | P57: A15OSV_OUTFLOW_2026_WK6 | Q57: DVT_OutOfScope | R57: GoogleIssue_Follow | S57: KPIT_2026_WK05_Out | T57: KPIT_2026_WK06_Out | U57: OBU_to_DEV_Handover_Complete | V57: R1591_LRT | W57: T90X | AF57: PJ05DEF00 | AG57: PJ05_DEF_00 | AH57: software | AI57: hm_izaki_ki | AJ57: 23PF A15é–‹ç™ºå‘ã‘ä¸å…·åˆç®¡ç†_x000D_ 23PF Defect management for A15 development_x000D_
A58: Defect | B58: PJ05DEF00-195 | C58: 619041 | D58: [CarMediaApp] Primary authentication screen is displayed after selecting "Remove adds" button on "Basketball FRVR" application | E58: kpt_wadatkar_as | F58: kpt_mishra_ay | G58: IN INVESTIGATING | H58: 45945.62 | I58: B | J58: OBU for OSV -> Out-of-Test Case Detection | K58: A14_A15_OSV | L58: A15_OSV | M58: A15OSV_INFLOW_2025_WK42 | N58: OBU_to_DEV_Handover_Complete | O58: R1591_LRT | P58: T90X | AF58: PJ05DEF00 | AG58: PJ05_DEF_00 | AH58: software | AI58: hm_izaki_ki | AJ58: 23PF A15é–‹ç™ºå‘ã‘ä¸å…·åˆç®¡ç†_x000D_ 23PF Defect management for A15 development_x000D_
A59: Defect | B59: PJ05DEF00-194 | C59: 619035 | D59: [AC] Google Play "Sign in" screen is displayed for a moment after selecting done button on you're signed in popup | E59: kpt_nayak_ar | F59: kpt_nayak_ar | G59: CLOSED | H59: 45945.612 | I59: C | J59: OBU for OSV -> Out-of-Test Case Detection | K59: A14_A15_OSV | L59: A15_OSV | M59: A15OSV_INFLOW_2025_WK42 | N59: A15OSV_OUTFLOW_2025_WK47 | O59: DVT_OutOfScope | P59: KPIT_WK47_Out | Q59: OBU_to_DEV_Handover_Complete | R59: R1591_LRT | S59: T90X | AF59: PJ05DEF00 | AG59: PJ05_DEF_00 | AH59: software | AI59: hm_izaki_ki | AJ59: 23PF A15é–‹ç™ºå‘ã‘ä¸å…·åˆç®¡ç†_x000D_ 23PF Defect management for A15 development_x000D_
A60: Defect | B60: PJ05DEF00-193 | C60: 619033 | D60: [PRM] ICB displays black screen followed by reboot after selecting the 'OK' button on the Disclaimer popup while switching user from User1 -> Owner | E60: kpt_mishra_ay | F60: kpt_mishra_ay | G60: CLOSED | H60: 45945.609 | I60: S | J60: OBU for OSV -> Out-of-Test Case Detection | K60: A14_A15_OSV | L60: A15_OSV | M60: A15OSV_INFLOW_2025_WK44 | N60: A15OSV_OUTFLOW_2025_WK50 | O60: A15OSV_Planned_25WK48 | P60: DVT_InScope | Q60: DVT_KPIT_ConfirmationOK | R60: KPIT_1501_s34_Final_Planned | S60: KPIT_Export | T60: KPIT_WK50_Out | U60: OBU_to_DEV_Handover_Complete | V60: R1591_LRT | W60: T90X | AF60: PJ05DEF00 | AG60: PJ05_DEF_00 | AH60: software | AI60: hm_izaki_ki | AJ60: 23PF A15é–‹ç™ºå‘ã‘ä¸å…·åˆç®¡ç†_x000D_ 23PF Defect management for A15 development_x000D_
A61: Defect | B61: PJ05DEF00-191 | C61: 618858 | D61: [USB] Songs list screen is displayed when Multi-view camera screen is terminated | E61: kpt_dixit_am | F61: kpt_gunjal_ji | G61: [IN WORK]APPLY FOR CLOSE | H61: 45945.564 | I61: B | J61: OBU for OSV -> LRT | K61: A14_A15_OSV | L61: A15_OSV | M61: A15OSV_INFLOW_2025_WK44 | N61: A15OSV_OUTFLOW_2025_WK47 | O61: DVT_OutOfScope | P61: KPIT_1501_s34_Pre1_Planned | Q61: KPIT_1502_s34_Pre1_Planned | R61: KPIT_Export | S61: KPIT_WK47_Out | T61: OBU_to_DEV_Handover_Complete | U61: R1591_LRT | V61: T90X | AF61: PJ05DEF00 | AG61: PJ05_DEF_00 | AH61: software | AI61: hm_izaki_ki | AJ61: 23PF A15é–‹ç™ºå‘ã‘ä¸å…·åˆç®¡ç†_x000D_ 23PF Defect management for A15 development_x000D_
A62: Defect | B62: PJ05DEF00-188 | C62: 617901 | D62: [DAB] NEWS setting indicator is not displayed on Header when "News flash" toggle button is turned ON | E62: kpt_reddimalla_pr | F62: kpt_reddimalla_pr | G62: CLOSED | H62: 45944.965 | I62: B | J62: OBU for OSV -> Out-of-Test Case Detection | K62: A14_A15_OSV | L62: A15_OSV | M62: A15_OSV_OBU_Defect_Triaged | N62: A15_OSV_OBU_Defect_Triaged_NoFix | O62: A15OSV_INFLOW_2025_WK42 | P62: A15OSV_OUTFLOW_2026_WK7 | Q62: DVT_OutOfScope | R62: KPIT_2026_WK07_Out | S62: OBU_to_DEV_Handover_Complete | T62: R1591_LRT | U62: T90X | AF62: PJ05DEF00 | AG62: PJ05_DEF_00 | AH62: software | AI62: hm_izaki_ki | AJ62: 23PF A15é–‹ç™ºå‘ã‘ä¸å…·åˆç®¡ç†_x000D_ 23PF Defect management for A15 development_x000D_
A63: Defect | B63: PJ05DEF00-187 | C63: 617896 | D63: [System UI] â€œShow on Homeâ€œ checkbox for News, USB, YouTube Music app shortcuts remain in checked state in "All Apps" screen even after checkbox for all Apps are unchecked | E63: kpt_khilare_su | F63: kpt_patil_di | G63: Waiting | H63: 45944.835 | I63: B | J63: OBU for OSV -> Out-of-Test Case Detection | K63: A14_A15_OSV | L63: A15_OSV | M63: A15_OSV_OBU_Defect_Triaged | N63: A15_OSV_OBU_Defect_Triaged_Fix_Required | O63: A15OSV_INFLOW_2025_WK43 | P63: OBU_to_DEV_Handover_Complete | Q63: R1591_LRT | R63: T90X | AF63: PJ05DEF00 | AG63: PJ05_DEF_00 | AH63: software | AI63: hm_izaki_ki | AJ63: 23PF A15é–‹ç™ºå‘ã‘ä¸å…·åˆç®¡ç†_x000D_ 23PF Defect management for A15 development_x000D_
A64: Defect | B64: PJ05DEF00-185 | C64: 617787 | D64: [System UI] Device Name is displayed without ellipsis "..." on title when characters do not fit in the breadcrumb list display area | E64: kpt_khilare_su | F64: kpt_kumar_pi | G64: Waiting | H64: 45944.784 | I64: C | J64: OBU for OSV -> Out-of-Test Case Detection | K64: A14_A15_OSV | L64: A15_OSV | M64: A15_OSV_OBU_Defect_Triaged | N64: A15_OSV_OBU_Defect_Triaged_Rebase_required | O64: A15OSV_INFLOW_2025_WK44 | P64: OBU_to_DEV_Handover_Complete | Q64: R1591_LRT | R64: T90X | AF64: PJ05DEF00 | AG64: PJ05_DEF_00 | AH64: software | AI64: hm_izaki_ki | AJ64: 23PF A15é–‹ç™ºå‘ã‘ä¸å…·åˆç®¡ç†_x000D_ 23PF Defect management for A15 development_x000D_
A65: Defect | B65: PJ05DEF00-183 | C65: 617785 | D65: [CarMediaApp] Selected song is not played and "Now playing" screen of Spotify app is displayed as blank | E65: kpt_m_re | F65: kpt_rane_sh | G65: IN INVESTIGATING | H65: 45944.751 | I65: B | J65: OBU for OSV -> Out-of-Test Case Detection | K65: A14_A15_OSV | L65: A15_OSV | M65: A15_OSV_OBU_Defect_Triaged | N65: A15_OSV_OBU_Defect_Triaged_Corner_case | O65: A15_OSV_OBU_Defect_Triaged_NoFix | P65: A15OSV_INFLOW_2025_WK42 | Q65: OBU_to_DEV_Handover_Complete | R65: R1591_LRT | S65: T90X | AF65: PJ05DEF00 | AG65: PJ05_DEF_00 | AH65: software | AI65: hm_izaki_ki | AJ65: 23PF A15é–‹ç™ºå‘ã‘ä¸å…·åˆç®¡ç†_x000D_ 23PF Defect management for A15 development_x000D_
A66: Defect | B66: PJ05DEF00-181 | C66: 617874 | D66: [SPCCP] Map area of CarPlay projection screen is displayed as blank when Apple CarPlay is launched from Home screen | E66: kpt_patil_di | F66: kpt_patil_di | G66: CLOSED | H66: 45944.742 | I66: B | J66: OBU for OSV -> Out-of-Test Case Detection | K66: A14_A15_OSV | L66: A15_OSV | M66: A15OSV_INFLOW_2025_WK42 | N66: A15OSV_OUTFLOW_2025_WK43 | O66: DVT_OutOfScope | P66: KPIT_WK43_Out | Q66: OBU_to_DEV_Handover_Complete | R66: R1591_LRT | S66: T90X | AF66: PJ05DEF00 | AG66: PJ05_DEF_00 | AH66: software | AI66: hm_izaki_ki | AJ66: 23PF A15é–‹ç™ºå‘ã‘ä¸å…·åˆç®¡ç†_x000D_ 23PF Defect management for A15 development_x000D_
A67: Defect | B67: PJ05DEF00-180 | C67: 617869 | D67: [BOOT] After Performing B+ cycle system is restarting two times with Honda animation | E67: kpt_lucky_md | F67: kpt_lucky_md | G67: CLOSED | H67: 45944.735 | I67: C | J67: OBU for OSV -> Out-of-Test Case Detection | K67: A15_OSV | L67: DVT_OutOfScope | M67: InvalidDefect | N67: KPIT_2026_WK09_Out | O67: OBU_to_DEV_Handover_Complete | P67: T90X | AF67: PJ05DEF00 | AG67: PJ05_DEF_00 | AH67: software | AI67: hm_izaki_ki | AJ67: 23PF A15é–‹ç™ºå‘ã‘ä¸å…·åˆç®¡ç†_x000D_ 23PF Defect management for A15 development_x000D_
A68: Defect | B68: PJ05DEF00-176 | C68: 617770 | D68: [HAC] System Error state not displayed via Voice Chrome when Alexa App is launched using Track Seek Up/Down from SWC while Alexa Home Screen is active | E68: kpt_reddy_ke | F68: kpt_reddy_ke | G68: CLOSED | H68: 45944.688 | I68: B | J68: LRT -> Single-Function Test | K68: A15_OSV | L68: DVT_OutOfScope | M68: InvalidDefect | N68: KPIT_2026_WK09_Out | O68: T90X | AF68: PJ05DEF00 | AG68: PJ05_DEF_00 | AH68: software | AI68: hm_izaki_ki | AJ68: 23PF A15é–‹ç™ºå‘ã‘ä¸å…·åˆç®¡ç†_x000D_ 23PF Defect management for A15 development_x000D_
A69: Defect | B69: PJ05DEF00-172 | C69: 617741 | D69: [System UI] Header is not operable in Guest profile after user switching is performed from Owner -> Guest | E69: kpt_khilare_su | F69: kpt_tehra_ma | G69: Waiting | H69: 45944.634 | I69: B | J69: OBU for OSV -> Out-of-Test Case Detection | K69: A14_A15_OSV | L69: A15_OSV | M69: A15_OSV_OBU_Defect_Triaged | N69: A15_OSV_OBU_Defect_Triaged_Fix_Required | O69: A15OSV_INFLOW_2025_WK44 | P69: OBU_to_DEV_Handover_Complete | Q69: R1591_LRT | R69: T90X | AF69: PJ05DEF00 | AG69: PJ05_DEF_00 | AH69: software | AI69: hm_izaki_ki | AJ69: 23PF A15é–‹ç™ºå‘ã‘ä¸å…·åˆç®¡ç†_x000D_ 23PF Defect management for A15 development_x000D_
A70: Defect | B70: PJ05DEF00-167 | C70: 616989 | D70: [SPCAA] Black screen is displayed continuously on A-zone when Android Auto shortcut app is selected from home screen | E70: kpt_kumar_pi | F70: kpt_kumar_pi | G70: CLOSED | H70: 45943.814 | I70: A | J70: OBU for OSV -> Out-of-Test Case Detection | K70: A14_A15_OSV | L70: A15_OSV | M70: A15OSV_INFLOW_2025_WK42 | N70: A15OSV_OUTFLOW_2025_WK43 | O70: DVT_InScope | P70: DVT_KPIT_ConfirmationOK | Q70: KPIT_1501_s34_Final_Planned | R70: KPIT_WK43_Out | S70: OBU_to_DEV_Handover_Complete | T70: R1591_LRT | U70: T90X | AF70: PJ05DEF00 | AG70: PJ05_DEF_00 | AH70: software | AI70: hm_izaki_ki | AJ70: 23PF A15é–‹ç™ºå‘ã‘ä¸å…·åˆç®¡ç†_x000D_ 23PF Defect management for A15 development_x000D_
A71: Defect | B71: PJ05DEF00-165 | C71: 617088 | D71: [BTA] Screen flickers when back button is selected from MCS while 'Grant Permission' popup is active | E71: kpt_r_as | F71: kpt_gahile_pr | G71: BLOCK FIXING VALIDATION | H71: 45943.679 | I71: C | J71: OBU for OSV -> Out-of-Test Case Detection | K71: A14_A15_OSV | L71: A15_OSV | M71: A15OSV_INFLOW_2025_WK42 | N71: A15OSV_OUTFLOW_2026_WK3 | O71: KPIT_2026_WK03_Out | P71: OBU_to_DEV_Handover_Complete | Q71: R1591_LRT | R71: T90X | AF71: PJ05DEF00 | AG71: PJ05_DEF_00 | AH71: software | AI71: hm_izaki_ki | AJ71: 23PF A15é–‹ç™ºå‘ã‘ä¸å…·åˆç®¡ç†_x000D_ 23PF Defect management for A15 development_x000D_
A72: Defect | B72: PJ05DEF00-164 | C72: 616976 | D72: [System UI] "Press & Hold to Add" button is displayed at fourth position on MCS after FDR is performed | E72: kpt_ahire_ju | F72: kpt_raj_am | G72: IN INVESTIGATING | H72: 45943.672 | I72: C | J72: OBU for OSV -> LRT | K72: A14_A15_OSV | L72: A15_OSV | M72: A15OSV_INFLOW_2025_WK42 | N72: A15OSV_OUTFLOW_2025_WK48 | O72: DVT_InScope | P72: DVT_KPIT_ConfirmationNG | Q72: KPIT_1501_s34_Pre1_Planned | R72: KPIT_1502_s34_Pre1_Planned | S72: KPIT_Export | T72: OBU_to_DEV_Handover_Complete | U72: R1591_LRT | V72: T90X | AF72: PJ05DEF00 | AG72: PJ05_DEF_00 | AH72: software | AI72: hm_izaki_ki | AJ72: 23PF A15é–‹ç™ºå‘ã‘ä¸å…·åˆç®¡ç†_x000D_ 23PF Defect management for A15 development_x000D_
A73: Defect | B73: PJ05DEF00-163 | C73: 616975 | D73: [PRM] User authentication screen for Owner (HPA) Profile is displayed even after PIN for Owner (HPA) is entered on User authentication screen | E73: kpt_khilare_su | F73: kpt_tehra_ma | G73: IN INTEGRATION REVIEW | H73: 45943.669 | I73: A | J73: OBU for OSV -> Out-of-Test Case Detection | K73: A14_A15_OSV | L73: A15_OSV | M73: A15OSV_INFLOW_2025_WK42 | N73: A15OSV_OUTFLOW_2026_WK2 | O73: DVT_InScope | P73: KPIT_1501_s34_Final_Planned | Q73: KPIT_2026_WK02_Out | R73: KPIT_Export | S73: OBU_to_DEV_Handover_Complete | T73: R1591_LRT | U73: T90X | AF73: PJ05DEF00 | AG73: PJ05_DEF_00 | AH73: software | AI73: hm_izaki_ki | AJ73: 23PF A15é–‹ç™ºå‘ã‘ä¸å…·åˆç®¡ç†_x000D_ 23PF Defect management for A15 development_x000D_
A74: Defect | B74: PJ05DEF00-162 | C74: 617078 | D74: [HMI] "Connect the device" popup is not getting terminated when back button is selected from MCS | E74: kpt_khilare_su | F74: kpt_gahile_pr | G74: Waiting | H74: 45943.608 | I74: B | J74: OBU for OSV -> Out-of-Test Case Detection | K74: A14_A15_OSV | L74: A15_OSV | M74: A15_OSV_OBU_Defect_Triaged | N74: A15_OSV_OBU_Defect_Triaged_Fix_Required | O74: A15OSV_INFLOW_2025_WK42 | P74: OBU_to_DEV_Handover_Complete | Q74: R1591_LRT | R74: T90X | AF74: PJ05DEF00 | AG74: PJ05_DEF_00 | AH74: software | AI74: hm_izaki_ki | AJ74: 23PF A15é–‹ç™ºå‘ã‘ä¸å…·åˆç®¡ç†_x000D_ 23PF Defect management for A15 development_x000D_
A75: Defect | B75: PJ05DEF00-160 | C75: 617024 | D75: [PRM] PIN is not displayed while entering in the input area when incorrect PIN is entered for second time on Primary authentication screen | E75: kpt_m_re | F75: kpt_patil_di | G75: IN INVESTIGATING | H75: 45943.537 | I75: B | J75: OBU for OSV -> Out-of-Test Case Detection | K75: A14_A15_OSV | L75: A15_OSV | M75: A15_OSV_OBU_Defect_Triaged_Corner_case | N75: A15OSV_INFLOW_2025_WK42 | O75: OBU_to_DEV_Handover_Complete | P75: R1591_LRT | Q75: T90X | AF75: PJ05DEF00 | AG75: PJ05_DEF_00 | AH75: software | AI75: hm_izaki_ki | AJ75: 23PF A15é–‹ç™ºå‘ã‘ä¸å…·åˆç®¡ç†_x000D_ 23PF Defect management for A15 development_x000D_
A76: Defect | B76: PJ05DEF00-158 | C76: 617016 | D76: [PRM] "Enter" Button (->) on PIN screen keypad is operable without entering PIN | E76: kpt_m_re | F76: kpt_reddy_ke | G76: IN INVESTIGATING | H76: 45943.428 | I76: B | J76: OBU for OSV -> Out-of-Test Case Detection | K76: A14_A15_OSV | L76: A15_OSV | M76: A15_OSV_OBU_Defect_Triaged | N76: A15_OSV_OBU_Defect_Triaged_Corner_case | O76: A15_OSV_OBU_Defect_Triaged_NoFix | P76: A15OSV_INFLOW_2025_WK42 | Q76: OBU_to_DEV_Handover_Complete | R76: R1591_LRT | S76: T90X | AF76: PJ05DEF00 | AG76: PJ05_DEF_00 | AH76: software | AI76: hm_izaki_ki | AJ76: 23PF A15é–‹ç™ºå‘ã‘ä¸å…·åˆç®¡ç†_x000D_ 23PF Defect management for A15 development_x000D_
A77: Defect | B77: PJ05DEF00-157 | C77: 616934 | D77: [System UI] Header and B-zone is not operable while 'Exit guest mode' Popup is active on A-zone | E77: kpt_khilare_su | F77: kpt_gaikwad_pr | G77: Waiting | H77: 45943.323 | I77: B | J77: OBU for OSV -> Out-of-Test Case Detection | K77: A14_A15_OSV | L77: A15_OSV | M77: A15_OSV_OBU_Defect_Triaged | N77: A15_OSV_OBU_Defect_Triaged_Fix_Required | O77: A15OSV_INFLOW_2025_WK42 | P77: OBU_to_DEV_Handover_Complete | Q77: R1591_LRT | R77: T90X | AF77: PJ05DEF00 | AG77: PJ05_DEF_00 | AH77: software | AI77: hm_izaki_ki | AJ77: 23PF A15é–‹ç™ºå‘ã‘ä¸å…·åˆç®¡ç†_x000D_ 23PF Defect management for A15 development_x000D_
A78: Defect | B78: PJ05DEF00-155 | C78: 616914 | D78: [KEY] Software Keyboard is displayed continuously on Home screen after tick button is selected on Keyboard | E78: kpt_khilare_su | F78: kpt_chaudhari_an | G78: Waiting | H78: 45941.737 | I78: B | J78: OBU for OSV -> Out-of-Test Case Detection | K78: A14_A15_OSV | L78: A15_OSV | M78: A15_OSV_OBU_Defect_Triaged | N78: A15_OSV_OBU_Defect_Triaged_Fix_Required | O78: A15OSV_INFLOW_2025_WK42 | P78: OBU_to_DEV_Handover_Complete | Q78: R1591_LRT | R78: T90X | AF78: PJ05DEF00 | AG78: PJ05_DEF_00 | AH78: software | AI78: hm_izaki_ki | AJ78: 23PF A15é–‹ç™ºå‘ã‘ä¸å…·åˆç®¡ç†_x000D_ 23PF Defect management for A15 development_x000D_
A79: Defect | B79: PJ05DEF00-154 | C79: 616913 | D79: [KEY] Blank software keyboard layout is displayed for a moment on profile selection screen | E79: kpt_m_re | F79: kpt_chaudhari_an | G79: [IN INVESTIGATING]APPLY FOR CLOSE | H79: 45941.732 | I79: C | J79: OBU for OSV -> Out-of-Test Case Detection | K79: A14_A15_OSV | L79: A15_OSV | M79: A15_OSV_OBU_Defect_Triaged | N79: A15_OSV_OBU_Defect_Triaged_Corner_case | O79: A15_OSV_OBU_Defect_Triaged_NoFix | P79: A15OSV_INFLOW_2025_WK42 | Q79: A15OSV_OUTFLOW_2026_WK7 | R79: DVT_OutOfScope | S79: KPIT_2026_WK07_Out | T79: OBU_to_DEV_Handover_Complete | U79: R1591_LRT | V79: T90X | AF79: PJ05DEF00 | AG79: PJ05_DEF_00 | AH79: software | AI79: hm_izaki_ki | AJ79: 23PF A15é–‹ç™ºå‘ã‘ä¸å…·åˆç®¡ç†_x000D_ 23PF Defect management for A15 development_x000D_
A80: Defect | B80: PJ05DEF00-152 | C80: 616910 | D80: [MCS] "Back" button is not operable from MCS on "Data Connection Options" screen | E80: kpt_khilare_su | F80: kpt_chaudhari_an | G80: Waiting | H80: 45941.666 | I80: B | J80: OBU for OSV -> Out-of-Test Case Detection | K80: A14_A15_OSV | L80: A15_OSV | M80: A15_OSV_OBU_Defect_Triaged | N80: A15_OSV_OBU_Defect_Triaged_Fix_Required | O80: A15OSV_INFLOW_2025_WK42 | P80: OBU_to_DEV_Handover_Complete | Q80: R1591_LRT | R80: T90X | AF80: PJ05DEF00 | AG80: PJ05_DEF_00 | AH80: software | AI80: hm_izaki_ki | AJ80: 23PF A15é–‹ç™ºå‘ã‘ä¸å…·åˆç®¡ç†_x000D_ 23PF Defect management for A15 development_x000D_
A81: Defect | B81: PJ05DEF00-142 | C81: 616870 | D81: [SPCAA] Screen is switching continuously between "Manage Device Connection" andÂ "Android Auto" projection screen(Full view mode) after connecting device as wireless android auto | E81: kpt_nayak_ar | F81: kpt_nayak_ar | G81: CLOSED | H81: 45940.785 | I81: A | J81: OBU for OSV -> Out-of-Test Case Detection | K81: A14_A15_OSV | L81: A15_OSV | M81: A15OSV_INFLOW_2025_WK41 | N81: A15OSV_OUTFLOW_2025_WK43 | O81: DVT_OutOfScope | P81: KPIT_1501_s34_Final_Planned | Q81: KPIT_WK43_Out | R81: OBU_to_DEV_Handover_Complete | S81: R1591_LRT | T81: T90X | AF81: PJ05DEF00 | AG81: PJ05_DEF_00 | AH81: software | AI81: hm_izaki_ki | AJ81: 23PF A15é–‹ç™ºå‘ã‘ä¸å…·åˆç®¡ç†_x000D_ 23PF Defect management for A15 development_x000D_
A82: Defect | B82: PJ05DEF00-141 | C82: 616790 | D82: [SPCAA] Cellular network signal strength of connected device is continuously displayed on header area when "Hands free profile" is disabled from device side while device is connected to ICB as Wireless AndroidAuto | E82: kpt_reddimalla_pr | F82: kpt_reddimalla_pr | G82: CLOSED | H82: 45940.772 | I82: B | J82: OBU for OSV -> LRT | K82: A14_A15_OSV | L82: A15_OSV | M82: A15OSV_INFLOW_2025_WK42 | N82: A15OSV_OUTFLOW_2025_WK47 | O82: DVT_OutOfScope | P82: KPIT_1501_s34_Pre1_Planned | Q82: KPIT_Export | R82: KPIT_WK42_Out | S82: OBU_to_DEV_Handover_Complete | T82: R1591_LRT | U82: T90X | AF82: PJ05DEF00 | AG82: PJ05_DEF_00 | AH82: software | AI82: hm_izaki_ki | AJ82: 23PF A15é–‹ç™ºå‘ã‘ä¸å…·åˆç®¡ç†_x000D_ 23PF Defect management for A15 development_x000D_
A83: Defect | B83: PJ05DEF00-51 | C83: 583375 | D83: [ETC] ETC notification audio is not audible when notification is sent from ETC simulator and notification is received on Header | E83: kpt_shaikh_fa | F83: kpt_patil_di | G83: CLOSED | H83: 45881.778 | I83: C | J83: OBU for OSV -> Out-of-Test Case Detection | K83: 3BWT | L83: A14_A15_OSV | M83: A15_OSV | N83: A15OSV_INFLOW_2025_WK33 | O83: A15OSV_OUTFLOW_2025_WK33 | P83: DVT_OutOfScope | Q83: KPIT_WK33_Out | R83: OBU_to_DEV_Handover_Complete | S83: Sprint_20 | T83: T90X | AF83: PJ05DEF00 | AG83: PJ05_DEF_00 | AH83: software | AI83: hm_izaki_ki | AJ83: 23PF A15é–‹ç™ºå‘ã‘ä¸å…·åˆç®¡ç†_x000D_ 23PF Defect management for A15 development_x000D_
A84: Defect | B84: PJ04DEF00-8443 | C84: 702279 | D84: [Google Assistant] "Google Assistant" is not initiated in Guest profile when "Google Assistant" is selected from MCS after performing Factory Data Reset | E84: kpt_raj_am | F84: kpt_raj_am | G84: Draft | H84: 46080.669 | I84: A | J84: LRT -> Out-of-Test Case Detection | K84: 30AY | L84: A13_A14_OSV | M84: A14_OSV | N84: R7418_LRT | AF84: PJ04DEF00 | AG84: PJ04_DEF_00 | AH84: software | AI84: hm_izaki_ki | AJ84: 23PF A14é–‹ç™ºå‘ã‘ä¸å…·åˆç®¡ç†_x000D_ 23PF Defect management for A14 development_x000D_
A85: Defect | B85: PJ04DEF00-8442 | C85: 702272 | D85: [MCS] Customization screen is not displayed when long press action is performed on "Press & Hold to Add" shortcut button from MCS while parking sensor popup is released | E85: kpt_mishra_ay | F85: kpt_mishra_ay | G85: Draft | H85: 46080.66 | I85: B | J85: LRT -> Out-of-Test Case Detection | K85: 30AY | L85: A13_A14_OSV | M85: A14_OSV | N85: R7418_LRT | AF85: PJ04DEF00 | AG85: PJ04_DEF_00 | AH85: software | AI85: hm_izaki_ki | AJ85: 23PF A14é–‹ç™ºå‘ã‘ä¸å…·åˆç®¡ç†_x000D_ 23PF Defect management for A14 development_x000D_
A86: Defect | B86: PJ04DEF00-8440 | C86: 702413 | D86: [SPCCP] CarPlay call is not initiated & outgoing call screen is not displayed when same contact from the "Recents" list is selected for second time after ending the first call | E86: kpt_patil_di | F86: kpt_patil_di | G86: Draft | H86: 46080.62 | I86: B | J86: LRT -> Out-of-Test Case Detection | K86: 30AY | L86: A13_A14_OSV | M86: A14_OSV | N86: R7418_LRT | AF86: PJ04DEF00 | AG86: PJ04_DEF_00 | AH86: software | AI86: hm_izaki_ki | AJ86: 23PF A14é–‹ç™ºå‘ã‘ä¸å…·åˆç®¡ç†_x000D_ 23PF Defect management for A14 development_x000D_
A87: Defect | B87: PJ04DEF00-8439 | C87: 702249 | D87: [IVI] Screen transits to "Google" screen when Day/Night button is selected on Display Mode screen while "Google Assistant" settings screen is active | E87: kpt_raj_am | F87: kpt_raj_am | G87: Draft | H87: 46080.61 | I87: B | J87: LRT -> Out-of-Test Case Detection | K87: 30AY | L87: A13_A14_OSV | M87: A14_OSV | N87: R7418_LRT | AF87: PJ04DEF00 | AG87: PJ04_DEF_00 | AH87: software | AI87: hm_izaki_ki | AJ87: 23PF A14é–‹ç™ºå‘ã‘ä¸å…·åˆç®¡ç†_x000D_ 23PF Defect management for A14 development_x000D_
A88: Defect | B88: PJ04DEF00-8436 | C88: 701520 | D88: [HLC] Route information pop up is not displayed on ICB when VIN for route information is set and ICB is rebooted | E88: kpt_saraiya_ac | F88: kpt_reddimalla_pr | G88: Waiting | H88: 46079.893 | I88: B | J88: LRT -> Single-Function Test | K88: 30AA | L88: A12_A14_OSV | M88: A14_OSV | N88: R7409_LRT | AF88: PJ04DEF00 | AG88: PJ04_DEF_00 | AH88: software | AI88: hm_izaki_ki | AJ88: 23PF A14é–‹ç™ºå‘ã‘ä¸å…·åˆç®¡ç†_x000D_ 23PF Defect management for A14 development_x000D_
A89: Defect | B89: PJ04DEF00-8434 | C89: 701465 | D89: [AC] Language switching popup is displayed for a moment when Re launch Play Store app from home | E89: kpt_saraiya_ac | F89: kpt_patil_di | G89: Waiting | H89: 46079.744 | I89: C | J89: LRT -> Out-of-Test Case Detection | K89: 3BMA | L89: A13_A14_OSV | M89: A14_OSV | N89: R7418_LRT | AF89: PJ04DEF00 | AG89: PJ04_DEF_00 | AH89: software | AI89: hm_izaki_ki | AJ89: 23PF A14é–‹ç™ºå‘ã‘ä¸å…·åˆç®¡ç†_x000D_ 23PF Defect management for A14 development_x000D_
A90: Defect | B90: PJ04DEF00-8432 | C90: 701460 | D90: [SPCCP] Back operation is not working when Back button is selected from MCS while CarPlay call favorites screen is active | E90: kpt_patil_di | F90: kpt_patil_di | G90: Draft | H90: 46079.702 | I90: B | J90: LRT -> Out-of-Test Case Detection | K90: 3BMA | L90: A13_A14_OSV | M90: A14_OSV | N90: R7418_LRT | AF90: PJ04DEF00 | AG90: PJ04_DEF_00 | AH90: software | AI90: hm_izaki_ki | AJ90: 23PF A14é–‹ç™ºå‘ã‘ä¸å…·åˆç®¡ç†_x000D_ 23PF Defect management for A14 development_x000D_
A91: Defect | B91: PJ04DEF00-8428 | C91: 701503 | D91: [AC] Scroll bar is displayed for a moment on Play Store "Updates" screen when "My Apps" is selected | E91: kpt_saraiya_ac | F91: kpt_mishra_ay | G91: Waiting | H91: 46079.656 | I91: C | J91: LRT -> Out-of-Test Case Detection | K91: 30AY | L91: A13_A14_OSV | M91: A14_OSV | N91: R7418_LRT | AF91: PJ04DEF00 | AG91: PJ04_DEF_00 | AH91: software | AI91: hm_izaki_ki | AJ91: 23PF A14é–‹ç™ºå‘ã‘ä¸å…·åˆç®¡ç†_x000D_ 23PF Defect management for A14 development_x000D_
A92: Defect | B92: PJ04DEF00-8418 | C92: 701139 | D92: [SUW] Black screen is displayed continuously after selecting "Start" on "Finish profile" screen | E92: kpt_pisal_ra | F92: kpt_lucky_md | G92: IN INVESTIGATING | H92: 46079.521 | I92: S | J92: LRT -> Out-of-Test Case Detection | K92: 3BMA | L92: A13_A14_OSV | M92: A14_OSV | N92: KPIT_2026_WK09_Planned | O92: R7418_LRT | AF92: PJ04DEF00 | AG92: PJ04_DEF_00 | AH92: software | AI92: hm_izaki_ki | AJ92: 23PF A14é–‹ç™ºå‘ã‘ä¸å…·åˆç®¡ç†_x000D_ 23PF Defect management for A14 development_x000D_
A93: Defect | B93: PJ04DEF00-8403 | C93: 700067 | D93: [System UI] "Data permissions are required to use this feature" Popup remains displayed in the foreground when Phone app is selected from MCS | E93: kpt_saraiya_ac | F93: kpt_patil_di | G93: Waiting | H93: 46078.564 | I93: B | J93: LRT -> Out-of-Test Case Detection | K93: 3BMA | L93: A13_A14_OSV | M93: A14_OSV | N93: R7418_LRT | AF93: PJ04DEF00 | AG93: PJ04_DEF_00 | AH93: software | AI93: hm_izaki_ki | AJ93: 23PF A14é–‹ç™ºå‘ã‘ä¸å…·åˆç®¡ç†_x000D_ 23PF Defect management for A14 development_x000D_
A94: Defect | B94: PJ04DEF00-8381 | C94: 699352 | D94: [System UI] Length of scroll thumb changes when scroll down arrow is selected while Data Sharing with Honda screen is active | E94: kpt_saraiya_ac | F94: kpt_patil_di | G94: Waiting | H94: 46077.72 | I94: C | J94: LRT -> Out-of-Test Case Detection | K94: 3BMA | L94: A13_A14_OSV | M94: A14_OSV | N94: R7418_LRT | AF94: PJ04DEF00 | AG94: PJ04_DEF_00 | AH94: software | AI94: hm_izaki_ki | AJ94: 23PF A14é–‹ç™ºå‘ã‘ä¸å…·åˆç®¡ç†_x000D_ 23PF Defect management for A14 development_x000D_
A95: Defect | B95: PJ04DEF00-8372 | C95: 698311 | D95: [KEY] Microphone icon is displayed on candidate display area when Phone Text Area is selected while Edit My Spot screen is active | E95: kpt_saraiya_ac | F95: kpt_reddimalla_pr | G95: Waiting | H95: 46077.472 | I95: C | J95: LRT -> Out-of-Test Case Detection | K95: 30AA | L95: A12_A14_OSV | M95: A14_OSV | N95: R7409_LRT | AF95: PJ04DEF00 | AG95: PJ04_DEF_00 | AH95: software | AI95: hm_izaki_ki | AJ95: 23PF A14é–‹ç™ºå‘ã‘ä¸å…·åˆç®¡ç†_x000D_ 23PF Defect management for A14 development_x000D_
A96: Defect | B96: PJ04DEF00-8371 | C96: 698310 | D96: [HMI] AcuraLink Data Permission pop-up is not terminated when google Assistant is initiated from MCS | E96: kpt_saraiya_ac | F96: kpt_raj_am | G96: Waiting | H96: 46077.469 | I96: B | J96: LRT -> Out-of-Test Case Detection | K96: A12_A14_OSV | L96: A14_OSV | M96: R7409_LRT | N96: TYAW | AF96: PJ04DEF00 | AG96: PJ04_DEF_00 | AH96: software | AI96: hm_izaki_ki | AJ96: 23PF A14é–‹ç™ºå‘ã‘ä¸å…·åˆç®¡ç†_x000D_ 23PF Defect management for A14 development_x000D_
A97: Defect | B97: PJ04DEF00-8369 | C97: 698071 | D97: [LWC] "Choose input method" popup without Software keyboard is displayed when Lane watch camera interruption is terminated | E97: kpt_saraiya_ac | F97: kpt_mishra_ay | G97: Waiting | H97: 46077.421 | I97: B | J97: LRT -> Out-of-Test Case Detection | K97: 30AA | L97: A12_A14_OSV | M97: A14_OSV | N97: R7409_LRT | AF97: PJ04DEF00 | AG97: PJ04_DEF_00 | AH97: software | AI97: hm_izaki_ki | AJ97: 23PF A14é–‹ç™ºå‘ã‘ä¸å…·åˆç®¡ç†_x000D_ 23PF Defect management for A14 development_x000D_
A98: Defect | B98: PJ04DEF00-8366 | C98: 697850 | D98: [IVI] Screen transits to "Google" screen when Day/Night button is selected on Display Mode screen while "Google Assistant" settings screen is active | E98: kpt_saraiya_ac | F98: kpt_raj_am | G98: Waiting | H98: 46076.923 | I98: B | J98: LRT -> Out-of-Test Case Detection | K98: A12_A14_OSV | L98: A14_OSV | M98: R7409_LRT | N98: TYAW | AF98: PJ04DEF00 | AG98: PJ04_DEF_00 | AH98: software | AI98: hm_izaki_ki | AJ98: 23PF A14é–‹ç™ºå‘ã‘ä¸å…·åˆç®¡ç†_x000D_ 23PF Defect management for A14 development_x000D_
A99: Defect | B99: PJ04DEF00-8365 | C99: 697846 | D99: [PPP] "Privacy Settings Indicator" icon is not displayed in Owner profile after user switching from Owner->User1->Owner is performed | E99: kpt_khanwilkar_aj | F99: kpt_tehra_ma | G99: [IN WORK]APPLY FOR CLOSE | H99: 46076.811 | I99: B | J99: LRT -> Out-of-Test Case Detection | K99: 30AA | L99: A12_A14_OSV | M99: A14_OSV | N99: KPIT_2026_WK09_Out | O99: KPIT_Export | P99: OSV_DVT_OutOfScope | Q99: R7409_LRT | AF99: PJ04DEF00 | AG99: PJ04_DEF_00 | AH99: software | AI99: hm_izaki_ki | AJ99: 23PF A14é–‹ç™ºå‘ã‘ä¸å…·åˆç®¡ç†_x000D_ 23PF Defect management for A14 development_x000D_
A100: Defect | B100: PJ04DEF00-8364 | C100: 697845 | D100: [RGB] Theme Color setting explanation pop-up is displayed again on Theme Color setting screen when Google Assistant session timeout | E100: kpt_saraiya_ac | F100: kpt_gunjal_ji | G100: Waiting | H100: 46076.765 | I100: B | J100: LRT -> Out-of-Test Case Detection | K100: 30AA | L100: A12_A14_OSV | M100: A14_OSV | N100: R7409_LRT | AF100: PJ04DEF00 | AG100: PJ04_DEF_00 | AH100: software | AI100: hm_izaki_ki | AJ100: 23PF A14é–‹ç™ºå‘ã‘ä¸å…·åˆç®¡ç†_x000D_ 23PF Defect management for A14 development_x000D_
...
